"DESCRIPTION","DURATION IN MS","NAME","PARENT SUITE","START TIME","STATUS","STOP TIME","SUB SUITE","SUITE","TEST CLASS","TEST METHOD"
"","3289","CJM-01-02 | Поиск по названию сужает список товаров @major","Mobile Chrome","2026-10-06","passed","2026-10-06","CJM-01 | Обнаружение товара","14-order-cjm.spec.ts","",""
"","6323","TC-COK-02 | Баннер содержит кнопку ""Принять"" @major","Mobile Chrome","2026-10-06","passed","2026-10-06","Cookie Consent баннер","19-cookie.spec.ts","",""
"","3767","TC-PAY-04 | /payment/result без флага redirect_allowed перенаправляет @critical","Desktop Chrome","2026-10-06","passed","2026-10-06","Платёжный flow","11-payment-flow.spec.ts","",""
"","3033","CJM-06-03 | Статус заказа отображается @major","Mobile Chrome","2026-10-06","passed","2026-10-06","CJM-06 | Статус и история заказов","14-order-cjm.spec.ts","",""
"","3215","TC-CAT-01 | Каталог загружается и показывает товары @major","Mobile Chrome","2026-10-06","passed","2026-10-06","Каталог товаров","02-catalog.spec.ts","",""
"","3872","TC-RESP-50 | Favicon загружается @minor","Mobile Chrome","2026-10-06","passed","2026-10-06","Адаптивность и производительность","10-responsive.spec.ts","",""
"","223","TC-1C-54 | success (type=catalog) возвращает failure @major","Desktop Chrome","2026-10-06","passed","2026-10-06","1C CommerceML — Обмен заказами (sale)","12-1c-integration.spec.ts","",""
"","5008","TC-ADDR-11 | Кнопка ""Выйти со всех устройств"" присутствует в профиле @major","Mobile Chrome","2026-10-06","passed","2026-10-06","Адреса доставки","16-addresses.spec.ts","",""
"","2401","TC-PROD-12 | QuickView-модал открывается из карточки в каталоге @major","Mobile Chrome","2026-10-06","passed","2026-10-06","Страница товара","03-product.spec.ts","",""
"","591","TC-API-10 | GET /products/{slug} с валидным slug возвращает 200 @major","Mobile Chrome","2026-10-06","passed","2026-10-06","API-эндпоинты (smoke)","09-api.spec.ts","",""
"","701","TC-1C-55 | После query+success заказы не возвращаются повторно @major","Desktop Chrome","2026-10-06","passed","2026-10-06","1C CommerceML — Обмен заказами (sale)","12-1c-integration.spec.ts","",""
"","222","TC-1C-38 | import с несуществующим filename возвращает failure @major","Desktop Chrome","2026-10-06","passed","2026-10-06","1C CommerceML — Импорт каталога","12-1c-integration.spec.ts","",""
"","6467","CJM-03-02 | Кнопка «+» увеличивает количество @major","Desktop Chrome","2026-10-06","passed","2026-10-06","CJM-03 | Управление корзиной","14-order-cjm.spec.ts","",""
"","2856","TC-PAGE-04 | Контактная информация (адрес, телефон) отображается @minor","Mobile Chrome","2026-10-06","passed","2026-10-06","Статические страницы","08-pages.spec.ts","",""
"","5923","CJM-04-07 | Выбор самовывоза скрывает поле адреса @major","Desktop Chrome","2026-10-06","passed","2026-10-06","CJM-04 | Форма заказа","14-order-cjm.spec.ts","",""
"","2319","CJM-01-02 | Поиск по названию сужает список товаров @major","Desktop Chrome","2026-10-06","passed","2026-10-06","CJM-01 | Обнаружение товара","14-order-cjm.spec.ts","",""
"","3651","TC-HOME-08 | Кнопки навигации слайдера присутствуют @critical","Desktop Chrome","2026-10-06","passed","2026-10-06","Главная страница","01-home.spec.ts","",""
"","232","TC-API-06 | GET /products?badge=new возвращает 200 @major","Desktop Chrome","2026-10-06","passed","2026-10-06","API-эндпоинты (smoke)","09-api.spec.ts","",""
"","294","TC-API-09 | GET /categories возвращает 200 и массив @major","Mobile Chrome","2026-10-06","passed","2026-10-06","API-эндпоинты (smoke)","09-api.spec.ts","",""
"","4513","TC-PAY-02 | /payment/result без order_id перенаправляет или не крашится @critical","Mobile Chrome","2026-10-06","passed","2026-10-06","Платёжный flow","11-payment-flow.spec.ts","",""
"","6259","TC-CART-07 | Товар удаляется из корзины @major","Mobile Chrome","2026-10-06","failed","2026-10-06","Корзина","04-cart.spec.ts","",""
"","9743","TC-SMS-06 | После отправки кода появляется поле для ввода OTP @major","Mobile Chrome","2026-10-06","passed","2026-10-06","SMS/OTP авторизация","18-sms-auth.spec.ts","",""
"","2673","TC-COK-02 | Баннер содержит кнопку ""Принять"" @major","Desktop Chrome","2026-10-06","passed","2026-10-06","Cookie Consent баннер","19-cookie.spec.ts","",""
"","7053","TC-ADDR-10 | Страница не падает с ""Что-то пошло не так"" @major","Desktop Chrome","2026-10-06","passed","2026-10-06","Адреса доставки","16-addresses.spec.ts","",""
"","271","TC-PAY-01 | GET /payment/{order}/status без авторизации возвращает 401 @critical","Desktop Chrome","2026-10-06","passed","2026-10-06","Платёжный flow — защита без авторизации","11-payment-flow.spec.ts","",""
"","2592","TC-CAT-13 | Фильтр по badge=sale работает через URL @major","Desktop Chrome","2026-10-06","passed","2026-10-06","Каталог товаров","02-catalog.spec.ts","",""
"","3230","TC-PROD-01 | Страница товара загружается @major","Mobile Chrome","2026-10-06","passed","2026-10-06","Страница товара","03-product.spec.ts","",""
"","2582","TC-RESP-30 | Навигация «Назад» работает корректно @minor","Mobile Chrome","2026-10-06","passed","2026-10-06","Адаптивность и производительность","10-responsive.spec.ts","",""
"","888","TC-API-21 | Все API-ответы имеют Content-Type: application/json @major","Mobile Chrome","2026-10-06","passed","2026-10-06","API-эндпоинты (smoke)","09-api.spec.ts","",""
"","2776","TC-CAT-17 | Сортировка по цене (убывание) через URL @major","Desktop Chrome","2026-10-06","passed","2026-10-06","Каталог товаров","02-catalog.spec.ts","",""
"","5155","CJM-03-02 | Кнопка «+» увеличивает количество @major","Mobile Chrome","2026-10-06","passed","2026-10-06","CJM-03 | Управление корзиной","14-order-cjm.spec.ts","",""
"","5730","CJM-04-09 | Способы оплаты отображаются @major","Desktop Chrome","2026-10-06","passed","2026-10-06","CJM-04 | Форма заказа","14-order-cjm.spec.ts","",""
"","3370","TC-CHK-01 | Форма оформления заказа отображается после авторизации @critical","Desktop Chrome","2026-10-06","passed","2026-10-06","Оформление заказа","07-checkout.spec.ts","",""
"","2430","TC-PAGE-02 | На странице контактов отображается карта @minor","Desktop Chrome","2026-10-06","passed","2026-10-06","Статические страницы","08-pages.spec.ts","",""
"","189","TC-API-16 | GET /me без авторизации возвращает 401 @major","Desktop Chrome","2026-10-06","passed","2026-10-06","API-эндпоинты (smoke)","09-api.spec.ts","",""
"","447","TC-1C-32 | import catalog создаёт товары в БД @major","Desktop Chrome","2026-10-06","passed","2026-10-06","1C CommerceML — Импорт каталога","12-1c-integration.spec.ts","",""
"","12049","TC-SMS-09 | Ввод неверного кода показывает ошибку (mock 422 от verify-otp) @major","Mobile Chrome","2026-10-06","passed","2026-10-06","SMS/OTP авторизация","18-sms-auth.spec.ts","",""
"","6015","CJM-06-06 | Заказ другого пользователя недоступен по ID @major","Mobile Chrome","2026-10-06","passed","2026-10-06","CJM-06 | Статус и история заказов","14-order-cjm.spec.ts","",""
"","2274","TC-PROD-05 | Кнопка «В корзину» или «Добавить в корзину» присутствует @major","Desktop Chrome","2026-10-06","passed","2026-10-06","Страница товара","03-product.spec.ts","",""
"","6047","TC-RESP-01 | / — нет горизонтального скролла на мобиле","Mobile Chrome","2026-10-06","passed","2026-10-06","Адаптивность и производительность","10-responsive.spec.ts","",""
"","6959","TC-ACC-07 | Поле выбора города работает @major","Mobile Chrome","2026-10-06","passed","2026-10-06","Личный кабинет","06-account.spec.ts","",""
"","2704","TC-1C-74 | Файл > file_limit отклоняется @major","Desktop Chrome","2026-10-06","passed","2026-10-06","1C CommerceML — Безопасность","12-1c-integration.spec.ts","",""
"","2917","TC-PAGE-16 | Ссылка на доставку в футере работает @minor","Mobile Chrome","2026-10-06","passed","2026-10-06","Статические страницы","08-pages.spec.ts","",""
"","4617","TC-RAT-05 | Клик на звезду (puck) в оценке не вызывает критическую ошибку @minor","Mobile Chrome","2026-10-06","passed","2026-10-06","Schema.org разметка и рейтинг","17-schema-and-rating.spec.ts","",""
"","6002","TC-ACC-13 | Фильтр истории бонусов работает @major","Mobile Chrome","2026-10-06","passed","2026-10-06","Личный кабинет","06-account.spec.ts","",""
"","322","TC-API-05 | GET /products?search=торпедо возвращает 200 @major","Mobile Chrome","2026-10-06","passed","2026-10-06","API-эндпоинты (smoke)","09-api.spec.ts","",""
"","6427","TC-ADDR-12 | Кнопка ""Выйти со всех устройств"" показывает confirm диалог @major","Mobile Chrome","2026-10-06","passed","2026-10-06","Адреса доставки","16-addresses.spec.ts","",""
"","3936","CJM-02-03 | После добавления счётчик корзины увеличивается @major","Desktop Chrome","2026-10-06","passed","2026-10-06","CJM-02 | Добавление в корзину","14-order-cjm.spec.ts","",""
"","4750","TC-ACC-09 | Список заказов содержит контент @major","Mobile Chrome","2026-10-06","passed","2026-10-06","Личный кабинет","06-account.spec.ts","",""
"","293","TC-API-19 | POST /checkout с пустыми items возвращает 422 @major","Mobile Chrome","2026-10-06","passed","2026-10-06","API-эндпоинты (smoke)","09-api.spec.ts","",""
"","245","TC-API-16 | GET /me без авторизации возвращает 401 @major","Mobile Chrome","2026-10-06","passed","2026-10-06","API-эндпоинты (smoke)","09-api.spec.ts","",""
"","336","TC-PAY-07 | POST /payment/{order}/refund без авторизации возвращает 401 @critical","Mobile Chrome","2026-10-06","passed","2026-10-06","Платёжный flow","11-payment-flow.spec.ts","",""
"","5275","CJM-07-06 | Переход к оплате с неверными данными показывает валидацию @major","Mobile Chrome","2026-10-06","passed","2026-10-06","CJM-07 | Edge cases и граничные сценарии","14-order-cjm.spec.ts","",""
"","3312","CJM-06-02 | Список заказов содержит дату и сумму @major","Mobile Chrome","2026-10-06","passed","2026-10-06","CJM-06 | Статус и история заказов","14-order-cjm.spec.ts","",""
"","2454","TC-AUTH-04 | Вход с пустыми полями показывает ошибку @critical","Mobile Chrome","2026-10-06","passed","2026-10-06","Авторизация и регистрация","05-auth.spec.ts","",""
"","4318","TC-SCH-01 | Страница товара содержит JSON-LD schema script @minor","Mobile Chrome","2026-10-06","passed","2026-10-06","Schema.org разметка и рейтинг","17-schema-and-rating.spec.ts","",""
"","2338","TC-PROD-14 | Секция похожих товаров загружается @major","Mobile Chrome","2026-10-06","passed","2026-10-06","Страница товара","03-product.spec.ts","",""
"","4814","TC-PAGE-02 | На странице контактов отображается карта @minor","Mobile Chrome","2026-10-06","passed","2026-10-06","Статические страницы","08-pages.spec.ts","",""
"","2623","TC-PAGE-15 | Ссылка на политику в футере работает @minor","Mobile Chrome","2026-10-06","passed","2026-10-06","Статические страницы","08-pages.spec.ts","",""
"","1084","TC-1C-80 | Полный цикл catalog: checkauth → init → file → import @major","Desktop Chrome","2026-10-06","passed","2026-10-06","1C CommerceML — Полный цикл интеграции","12-1c-integration.spec.ts","",""
"","6434","TC-SMS-03 | Форма содержит поле для ввода номера телефона @major","Mobile Chrome","2026-10-06","passed","2026-10-06","SMS/OTP авторизация","18-sms-auth.spec.ts","",""
"","4911","ТК-44 | Одноразовый промокод нельзя применить дважды @major","Desktop Chrome","2026-10-06","passed","2026-10-06","SEC-BIZ | Бизнес-логика","13-security-pentest.spec.ts","",""
"","428","TC-AUTH-11 | Public-key endpoint возвращает RSA-ключ @critical","Mobile Chrome","2026-10-06","passed","2026-10-06","Авторизация и регистрация","05-auth.spec.ts","",""
"","8875","TC-SMS-11 | Переключатель ""По паролю"" возвращает обычную форму @major","Desktop Chrome","2026-10-06","passed","2026-10-06","SMS/OTP авторизация","18-sms-auth.spec.ts","",""
"","482","CJM-05-03 | СДЭК: поиск города «Нижний» возвращает Нижний Новгород @major","Mobile Chrome","2026-10-06","passed","2026-10-06","CJM-05 | API доставки","14-order-cjm.spec.ts","",""
"","2530","CJM-01-05 | Галерея изображений на странице товара @major","Desktop Chrome","2026-10-06","passed","2026-10-06","CJM-01 | Обнаружение товара","14-order-cjm.spec.ts","",""
"","1414","TC-1C-37 | После import rests: вариант с stock=0 has is_available=false @major","Desktop Chrome","2026-10-06","passed","2026-10-06","1C CommerceML — Импорт каталога","12-1c-integration.spec.ts","",""
"","1860","TC-HOME-10 | Секция популярных / хитовых товаров загружается @critical","Desktop Chrome","2026-10-06","passed","2026-10-06","Главная страница","01-home.spec.ts","",""
"","2317","TC-ACC-10 | Статус заказа отображается цветным бейджем @major","Desktop Chrome","2026-10-06","passed","2026-10-06","Личный кабинет","06-account.spec.ts","",""
"","222","TC-API-23 | GET /products?search=SQL-injection не роняет сервер @major","Desktop Chrome","2026-10-06","passed","2026-10-06","API-эндпоинты (smoke)","09-api.spec.ts","",""
"","261","ТК-13 | Версия nginx/PHP скрыта в ответах backend @major","Desktop Chrome","2026-10-06","passed","2026-10-06","SEC-RECON | Разведка и поверхность атаки","13-security-pentest.spec.ts","",""
"","8348","TC-ADDR-12 | Кнопка ""Выйти со всех устройств"" показывает confirm диалог @major","Desktop Chrome","2026-10-06","passed","2026-10-06","Адреса доставки","16-addresses.spec.ts","",""
"","4587","TC-SCH-06 | Organization schema содержит name и url @minor","Desktop Chrome","2026-10-06","passed","2026-10-06","Schema.org разметка и рейтинг","17-schema-and-rating.spec.ts","",""
"","5243","TC-ACC-04 | Форма личных данных содержит поля ФИО и email @major","Mobile Chrome","2026-10-06","passed","2026-10-06","Личный кабинет","06-account.spec.ts","",""
"","227","TC-1C-06 | checkauth с неизвестным type возвращает failure @major","Desktop Chrome","2026-10-06","passed","2026-10-06","1C CommerceML — Аутентификация","12-1c-integration.spec.ts","",""
"","7689","TC-SMS-08 | Кнопка ""Изменить номер"" возвращает к полю телефона @major","Desktop Chrome","2026-10-06","passed","2026-10-06","SMS/OTP авторизация","18-sms-auth.spec.ts","",""
"","6302","TC-HOME-14 | Ссылка «В каталог» ведёт на /catalog @critical","Desktop Chrome","2026-10-06","passed","2026-10-06","Главная страница","01-home.spec.ts","",""
"","3773","CJM-02-02 | Добавление товара в корзину не вызывает ошибку @major","Mobile Chrome","2026-10-06","passed","2026-10-06","CJM-02 | Добавление в корзину","14-order-cjm.spec.ts","",""
"","1785","ТК-49 | SQL Injection в поиске товаров не вызывает 500 @major","Desktop Chrome","2026-10-06","passed","2026-10-06","SEC-INJECT | Инъекции","13-security-pentest.spec.ts","",""
"","1997","TC-PAGE-11 | Страница пользовательского соглашения загружается @minor","Desktop Chrome","2026-10-06","passed","2026-10-06","Статические страницы","08-pages.spec.ts","",""
"","5223","TC-ACC-15 | Кнопка сердечко на карточке добавляет в избранное @major","Desktop Chrome","2026-10-06","passed","2026-10-06","Личный кабинет","06-account.spec.ts","",""
"","3715","TC-CART-04 | Корзина сохраняется после перезагрузки страницы @major","Desktop Chrome","2026-10-06","failed","2026-10-06","Корзина","04-cart.spec.ts","",""
"","6544","CJM-03-06 | Поле промокода присутствует в корзине @major","Desktop Chrome","2026-10-06","passed","2026-10-06","CJM-03 | Управление корзиной","14-order-cjm.spec.ts","",""
"","5203","TC-PAY-11 | /payment/result с status=fail показывает ошибку оплаты @critical","Mobile Chrome","2026-10-06","passed","2026-10-06","Платёжный flow","11-payment-flow.spec.ts","",""
"","5015","TC-PAY-10 | /payment/result показывает статус успешной оплаты (success сценарий) @critical","Mobile Chrome","2026-10-06","passed","2026-10-06","Платёжный flow","11-payment-flow.spec.ts","",""
"","2564","TC-PAGE-11 | Страница пользовательского соглашения загружается @minor","Mobile Chrome","2026-10-06","passed","2026-10-06","Статические страницы","08-pages.spec.ts","",""
"","337","TC-API-23 | GET /products?search=SQL-injection не роняет сервер @major","Mobile Chrome","2026-10-06","passed","2026-10-06","API-эндпоинты (smoke)","09-api.spec.ts","",""
"","441","TC-1C-57 | import order status (letter code) не вызывает 500 @major","Desktop Chrome","2026-10-06","passed","2026-10-06","1C CommerceML — Обмен заказами (sale)","12-1c-integration.spec.ts","",""
"","3132","TC-ACC-09 | Список заказов содержит контент @major","Desktop Chrome","2026-10-06","passed","2026-10-06","Личный кабинет","06-account.spec.ts","",""
"","246","ТК-26 | 1С эндпоинт mode=init требует авторизации @major","Desktop Chrome","2026-10-06","passed","2026-10-06","SEC-AUTH | Аутентификация","13-security-pentest.spec.ts","",""
"","3744","TC-CART-10 | Поле промокода присутствует на странице оформления @major","Desktop Chrome","2026-10-06","failed","2026-10-06","Корзина","04-cart.spec.ts","",""
"","4206","TC-CAT-10 | Несуществующий поиск показывает пустое состояние @major","Mobile Chrome","2026-10-06","passed","2026-10-06","Каталог товаров","02-catalog.spec.ts","",""
"","3496","TC-RESP-01 | /delivery — нет горизонтального скролла на мобиле","Mobile Chrome","2026-10-06","passed","2026-10-06","Адаптивность и производительность","10-responsive.spec.ts","",""
"","3563","TC-PROD-11 | Добавление в корзину меняет счётчик корзины в хедере @major","Mobile Chrome","2026-10-06","passed","2026-10-06","Страница товара","03-product.spec.ts","",""
"","4226","TC-PROD-06 | Кнопка «Избранное» (сердечко) присутствует @major","Mobile Chrome","2026-10-06","passed","2026-10-06","Страница товара","03-product.spec.ts","",""
"","4646","TC-SMS-02 | Клик на ""Войти по SMS"" показывает форму с полем телефона @major","Desktop Chrome","2026-10-06","passed","2026-10-06","SMS/OTP авторизация","18-sms-auth.spec.ts","",""
"","219","TC-1C-56 | POST file с order status XML возвращает success @major","Desktop Chrome","2026-10-06","passed","2026-10-06","1C CommerceML — Обмен заказами (sale)","12-1c-integration.spec.ts","",""
"","12303","TC-ADDR-11 | Кнопка ""Выйти со всех устройств"" присутствует в профиле @major","Desktop Chrome","2026-10-06","passed","2026-10-06","Адреса доставки","16-addresses.spec.ts","",""
"","3281","TC-CHK-12 | API /delivery/pickup-points требует city_code @critical","Desktop Chrome","2026-10-06","passed","2026-10-06","Оформление заказа","07-checkout.spec.ts","",""
"","1623","TC-PROD-12 | QuickView-модал открывается из карточки в каталоге @major","Desktop Chrome","2026-10-06","passed","2026-10-06","Страница товара","03-product.spec.ts","",""
"","257","TC-API-08 | GET /products?price_min=500&price_max=3000 возвращает 200 @major","Desktop Chrome","2026-10-06","passed","2026-10-06","API-эндпоинты (smoke)","09-api.spec.ts","",""
"","461","TC-1C-39 | import невалидного XML возвращает failure @major","Desktop Chrome","2026-10-06","passed","2026-10-06","1C CommerceML — Импорт каталога","12-1c-integration.spec.ts","",""
"","4937","TC-CART-10 | Поле промокода присутствует на странице оформления @major","Mobile Chrome","2026-10-06","failed","2026-10-06","Корзина","04-cart.spec.ts","",""
"","1832","CJM-02-05 | Корзина: иконка в хедере — быстрый переход на /cart @major","Desktop Chrome","2026-10-06","passed","2026-10-06","CJM-02 | Добавление в корзину","14-order-cjm.spec.ts","",""
"","5083","TC-PAY-03 | /payment/result с несуществующим order_id не ломает приложение @critical","Mobile Chrome","2026-10-06","passed","2026-10-06","Платёжный flow","11-payment-flow.spec.ts","",""
"","4068","CJM-04-08 | Выбор СДЭК-курьер показывает поле адреса @major","Mobile Chrome","2026-10-06","passed","2026-10-06","CJM-04 | Форма заказа","14-order-cjm.spec.ts","",""
"","5885","CJM-04-04 | Телефон с +7 форматируется корректно @major","Desktop Chrome","2026-10-06","passed","2026-10-06","CJM-04 | Форма заказа","14-order-cjm.spec.ts","",""
"","1798","TC-VK-06 | На странице логина присутствует разделитель ""или"" между формой и VK кнопкой @major","Desktop Chrome","2026-10-06","passed","2026-10-06","VK авторизация","15-vk-auth.spec.ts","",""
"","18545","TC-CAT-15 | Дропдаун сортировки присутствует @major","Mobile Chrome","2026-10-06","failed","2026-10-06","Каталог товаров","02-catalog.spec.ts","",""
"","6356","TC-VK-04 | Страница /auth/vk/callback без code показывает ошибку или редиректит @major","Mobile Chrome","2026-10-06","passed","2026-10-06","VK авторизация","15-vk-auth.spec.ts","",""
"","299","TC-API-11 | GET /products/nonexistent-slug возвращает 404 @major","Mobile Chrome","2026-10-06","passed","2026-10-06","API-эндпоинты (smoke)","09-api.spec.ts","",""
"","4042","TC-PAY-12 | /payment/result неавторизованный перенаправляется на вход @critical","Desktop Chrome","2026-10-06","passed","2026-10-06","Платёжный flow","11-payment-flow.spec.ts","",""
"","6161","TC-SMS-02 | Клик на ""Войти по SMS"" показывает форму с полем телефона @major","Mobile Chrome","2026-10-06","passed","2026-10-06","SMS/OTP авторизация","18-sms-auth.spec.ts","",""
"","1149","ТК-05 | Laravel /_ignition закрыт на backend @major","Desktop Chrome","2026-10-06","failed","2026-10-06","SEC-RECON | Разведка и поверхность атаки","13-security-pentest.spec.ts","",""
"","6169","CJM-04-10 | Итоговая сумма к оплате отображается @major","Desktop Chrome","2026-10-06","passed","2026-10-06","CJM-04 | Форма заказа","14-order-cjm.spec.ts","",""
"","5377","TC-CART-05 | В корзине можно увеличить количество @major","Mobile Chrome","2026-10-06","skipped","2026-10-06","Корзина","04-cart.spec.ts","",""
"","3463","TC-ACC-14 | Страница избранного загружается @major","Desktop Chrome","2026-10-06","passed","2026-10-06","Личный кабинет","06-account.spec.ts","",""
"","1496","TC-AUTH-07 | После 5 неверных попыток входа показывается блокировка @critical","Desktop Chrome","2026-10-06","passed","2026-10-06","Авторизация и регистрация","05-auth.spec.ts","",""
"","4469","TC-CART-05 | В корзине можно увеличить количество @major","Desktop Chrome","2026-10-06","skipped","2026-10-06","Корзина","04-cart.spec.ts","",""
"","5391","TC-CART-07 | Товар удаляется из корзины @major","Desktop Chrome","2026-10-06","failed","2026-10-06","Корзина","04-cart.spec.ts","",""
"","234","TC-PAY-06 | API /payment/{order}/status с несуществующим заказом возвращает 401/404 @critical","Desktop Chrome","2026-10-06","passed","2026-10-06","Платёжный flow","11-payment-flow.spec.ts","",""
"","4672","ТК-42b | Отрицательное quantity в корзине (cart API) отклоняется @major","Desktop Chrome","2026-10-06","passed","2026-10-06","SEC-BIZ | Бизнес-логика","13-security-pentest.spec.ts","",""
"","2145","TC-PROD-16 | Страница товара на мобиле без горизонтального скролла @major","Mobile Chrome","2026-10-06","passed","2026-10-06","Страница товара","03-product.spec.ts","",""
"","4106","TC-SCH-04 | Schema содержит availability (InStock или OutOfStock) @minor","Desktop Chrome","2026-10-06","failed","2026-10-06","Schema.org разметка и рейтинг","17-schema-and-rating.spec.ts","",""
"","226","TC-1C-71 | Content-Type ответа всегда text/plain @major","Desktop Chrome","2026-10-06","passed","2026-10-06","1C CommerceML — Безопасность","12-1c-integration.spec.ts","",""
"","1918","TC-HOME-18 | Страница не показывает «Что-то пошло не так» @critical","Desktop Chrome","2026-10-06","passed","2026-10-06","Главная страница","01-home.spec.ts","",""
"","444","TC-1C-72 | query Content-Type application/xml @major","Desktop Chrome","2026-10-06","passed","2026-10-06","1C CommerceML — Безопасность","12-1c-integration.spec.ts","",""
"","3891","CJM-06-03 | Статус заказа отображается @major","Desktop Chrome","2026-10-06","passed","2026-10-06","CJM-06 | Статус и история заказов","14-order-cjm.spec.ts","",""
"","5711","TC-SMS-01 | Переключатель ""Войти по SMS"" присутствует в форме авторизации @major","Desktop Chrome","2026-10-06","passed","2026-10-06","SMS/OTP авторизация","18-sms-auth.spec.ts","",""
"","216","TC-1C-26 | POST file с пустым телом возвращает failure @major","Desktop Chrome","2026-10-06","passed","2026-10-06","1C CommerceML — Загрузка файлов (catalog)","12-1c-integration.spec.ts","",""
"","9642","TC-COK-06 | После принятия — при перезагрузке баннер не показывается @major","Mobile Chrome","2026-10-06","passed","2026-10-06","Cookie Consent баннер","19-cookie.spec.ts","",""
"","568","CJM-05-02 | API /delivery/pickup-points принимает city_code @major","Mobile Chrome","2026-10-06","passed","2026-10-06","CJM-05 | API доставки","14-order-cjm.spec.ts","",""
"","5881","TC-RAT-05 | Клик на звезду (puck) в оценке не вызывает критическую ошибку @minor","Desktop Chrome","2026-10-06","passed","2026-10-06","Schema.org разметка и рейтинг","17-schema-and-rating.spec.ts","",""
"","3084","CJM-02-06 | Избранное: кнопка ♥ добавляет в список @major","Mobile Chrome","2026-10-06","passed","2026-10-06","CJM-02 | Добавление в корзину","14-order-cjm.spec.ts","",""
"","234","TC-1C-50 | query (type=sale) возвращает XML @major","Desktop Chrome","2026-10-06","passed","2026-10-06","1C CommerceML — Обмен заказами (sale)","12-1c-integration.spec.ts","",""
"","3074","TC-PERF-01 | Главная страница загружается быстрее 10 секунд @minor","Mobile Chrome","2026-10-06","passed","2026-10-06","Адаптивность и производительность","10-responsive.spec.ts","",""
"","4997","TC-PAGE-03 | На странице контактов нет запроса геолокации (авто-гео убрана) @minor","Mobile Chrome","2026-10-06","passed","2026-10-06","Статические страницы","08-pages.spec.ts","",""
"","2539","TC-HOME-15 | На мобиле хамбургер-кнопка видна @critical","Mobile Chrome","2026-10-06","passed","2026-10-06","Главная страница","01-home.spec.ts","",""
"","3280","TC-PAY-13 | PaymentRedirectOverlay не отображается на главной @critical","Mobile Chrome","2026-10-06","passed","2026-10-06","Платёжный flow","11-payment-flow.spec.ts","",""
"","1480","TC-PAGE-09 | Страница оплаты содержит информацию о способах оплаты @minor","Desktop Chrome","2026-10-06","passed","2026-10-06","Статические страницы","08-pages.spec.ts","",""
"","442","TC-1C-10 | init возвращает zip и file_limit @major","Desktop Chrome","2026-10-06","passed","2026-10-06","1C CommerceML — Инициализация","12-1c-integration.spec.ts","",""
"","3569","TC-PAY-08 | GET /payment/{order}/status с авторизацией возвращает статус @critical","Desktop Chrome","2026-10-06","passed","2026-10-06","Платёжный flow","11-payment-flow.spec.ts","",""
"","1880","TC-PAY-13 | PaymentRedirectOverlay не отображается на главной @critical","Desktop Chrome","2026-10-06","passed","2026-10-06","Платёжный flow","11-payment-flow.spec.ts","",""
"","234","TC-AUTH-11 | Public-key endpoint возвращает RSA-ключ @critical","Desktop Chrome","2026-10-06","passed","2026-10-06","Авторизация и регистрация","05-auth.spec.ts","",""
"","4380","TC-SCH-02 | Schema.org тип Product корректен @minor","Mobile Chrome","2026-10-06","passed","2026-10-06","Schema.org разметка и рейтинг","17-schema-and-rating.spec.ts","",""
"","6074","TC-AUTH-09 | /account/orders перенаправляет на логин без авторизации @critical","Mobile Chrome","2026-10-06","passed","2026-10-06","Авторизация и регистрация","05-auth.spec.ts","",""
"","4606","CJM-07-04 | Очень большое количество товара ограничивается @major","Desktop Chrome","2026-10-06","passed","2026-10-06","CJM-07 | Edge cases и граничные сценарии","14-order-cjm.spec.ts","",""
"","217","TC-1C-23 | POST file: загрузка prices XML возвращает success @major","Desktop Chrome","2026-10-06","passed","2026-10-06","1C CommerceML — Загрузка файлов (catalog)","12-1c-integration.spec.ts","",""
"","1823","TC-PROD-15 | Несуществующий slug не роняет приложение @major","Desktop Chrome","2026-10-06","passed","2026-10-06","Страница товара","03-product.spec.ts","",""
"","6408","ТК-46 | Race condition: одновременные заказы не дублируются @major","Desktop Chrome","2026-10-06","passed","2026-10-06","SEC-BIZ | Бизнес-логика","13-security-pentest.spec.ts","",""
"","5359","TC-PAY-12 | /payment/result неавторизованный перенаправляется на вход @critical","Mobile Chrome","2026-10-06","passed","2026-10-06","Платёжный flow","11-payment-flow.spec.ts","",""
"","5739","CJM-06-06 | Заказ другого пользователя недоступен по ID @major","Desktop Chrome","2026-10-06","passed","2026-10-06","CJM-06 | Статус и история заказов","14-order-cjm.spec.ts","",""
"","1917","ТК-67 | Cookie laravel_session имеет флаги Secure и HttpOnly @major","Desktop Chrome","2026-10-06","passed","2026-10-06","SEC-AUTH | Аутентификация","13-security-pentest.spec.ts","",""
"","646","TC-1C-33 | После import catalog: товар TEST-001 доступен в API @major","Desktop Chrome","2026-10-06","passed","2026-10-06","1C CommerceML — Импорт каталога","12-1c-integration.spec.ts","",""
"","5724","TC-SMS-01 | Переключатель ""Войти по SMS"" присутствует в форме авторизации @major","Mobile Chrome","2026-10-06","passed","2026-10-06","SMS/OTP авторизация","18-sms-auth.spec.ts","",""
"","911","TC-1C-35 | import prices обновляет цены вариантов @major","Desktop Chrome","2026-10-06","passed","2026-10-06","1C CommerceML — Импорт каталога","12-1c-integration.spec.ts","",""
"","231","TC-1C-30 | import classifier создаёт/обновляет категории @major","Desktop Chrome","2026-10-06","passed","2026-10-06","1C CommerceML — Импорт каталога","12-1c-integration.spec.ts","",""
"","1463","TC-VK-03 | Клик по кнопке VK открывает VK ID виджет или меняет состояние кнопки @major","Desktop Chrome","2026-10-06","skipped","2026-10-06","VK авторизация","15-vk-auth.spec.ts","",""
"","1791","TC-CAT-08 | Пустой поиск не вызывает ошибку @major","Desktop Chrome","2026-10-06","passed","2026-10-06","Каталог товаров","02-catalog.spec.ts","",""
"","3316","TC-ACC-02 | Боковая навигация кабинета отображается @major","Mobile Chrome","2026-10-06","passed","2026-10-06","Личный кабинет","06-account.spec.ts","",""
"","312","TC-PAY-16 | Webhook Уралсиб без подписи отклоняется @critical","Desktop Chrome","2026-10-06","passed","2026-10-06","Платёжный flow","11-payment-flow.spec.ts","",""
"","1917","TC-AUTH-03 | Auth-модал закрывается кликом на оверлей @critical","Desktop Chrome","2026-10-06","passed","2026-10-06","Авторизация и регистрация","05-auth.spec.ts","",""
"","5429","CJM-04-06 | Способы доставки отображаются @major","Mobile Chrome","2026-10-06","passed","2026-10-06","CJM-04 | Форма заказа","14-order-cjm.spec.ts","",""
"","258","CJM-05-03 | СДЭК: поиск города «Нижний» возвращает Нижний Новгород @major","Desktop Chrome","2026-10-06","passed","2026-10-06","CJM-05 | API доставки","14-order-cjm.spec.ts","",""
"","197","ТК-37 | Loyalty: начисление баллов требует авторизации @major","Desktop Chrome","2026-10-06","passed","2026-10-06","SEC-BIZ | Бизнес-логика","13-security-pentest.spec.ts","",""
"","2204","CJM-01-06 | Переключение фото в галерее работает @major","Mobile Chrome","2026-10-06","passed","2026-10-06","CJM-01 | Обнаружение товара","14-order-cjm.spec.ts","",""
"","2606","ТК-67b | XSRF-TOKEN cookie имеет флаг Secure @major","Desktop Chrome","2026-10-06","passed","2026-10-06","SEC-AUTH | Аутентификация","13-security-pentest.spec.ts","",""
"","3561","TC-ACC-10 | Статус заказа отображается цветным бейджем @major","Mobile Chrome","2026-10-06","passed","2026-10-06","Личный кабинет","06-account.spec.ts","",""
"","327","TC-API-20 | POST /shop/ratings без авторизации возвращает 401 @major","Desktop Chrome","2026-10-06","passed","2026-10-06","API-эндпоинты (smoke)","09-api.spec.ts","",""
"","2768","TC-CHK-05 | Выбор «Самовывоз» не требует адреса @critical","Desktop Chrome","2026-10-06","passed","2026-10-06","Оформление заказа","07-checkout.spec.ts","",""
"","3853","CJM-01-05 | Галерея изображений на странице товара @major","Mobile Chrome","2026-10-06","passed","2026-10-06","CJM-01 | Обнаружение товара","14-order-cjm.spec.ts","",""
"","3883","CJM-04-13 | Бонусный чекбокс присутствует (если есть бонусы) @major","Mobile Chrome","2026-10-06","passed","2026-10-06","CJM-04 | Форма заказа","14-order-cjm.spec.ts","",""
"","2853","TC-CAT-02 | Отображается счётчик товаров «Показано X из Y» @major","Mobile Chrome","2026-10-06","passed","2026-10-06","Каталог товаров","02-catalog.spec.ts","",""
"","2845","TC-HOME-02 | Логотип ХК Торпедо отображается в хедере @critical","Mobile Chrome","2026-10-06","passed","2026-10-06","Главная страница","01-home.spec.ts","",""
"","2227","TC-PAGE-14 | 404-страница содержит ссылку на главную @minor","Mobile Chrome","2026-10-06","passed","2026-10-06","Статические страницы","08-pages.spec.ts","",""
"","3055","TC-ADDR-04 | Клик на ""Добавить адрес"" показывает форму с полями @major","Mobile Chrome","2026-10-06","passed","2026-10-06","Адреса доставки","16-addresses.spec.ts","",""
"","888","TC-1C-81 | Полный цикл sale: checkauth → init → query → success @major","Desktop Chrome","2026-10-06","passed","2026-10-06","1C CommerceML — Полный цикл интеграции","12-1c-integration.spec.ts","",""
"","1735","TC-PROD-07 | Если у товара есть опции (размеры), они отображаются @major","Desktop Chrome","2026-10-06","passed","2026-10-06","Страница товара","03-product.spec.ts","",""
"","293","TC-PAY-06 | API /payment/{order}/status с несуществующим заказом возвращает 401/404 @critical","Mobile Chrome","2026-10-06","passed","2026-10-06","Платёжный flow","11-payment-flow.spec.ts","",""
"","1531","TC-PAY-05 | PaymentRedirectOverlay не отображается на каталоге @critical","Desktop Chrome","2026-10-06","passed","2026-10-06","Платёжный flow","11-payment-flow.spec.ts","",""
"","2626","TC-PAGE-05 | Страница доставки загружается @minor","Mobile Chrome","2026-10-06","passed","2026-10-06","Статические страницы","08-pages.spec.ts","",""
"","5124","ТК-17 | Rate-limit: повторные неудачи в логин блокируются @major","Desktop Chrome","2026-10-06","passed","2026-10-06","SEC-AUTH | Аутентификация","13-security-pentest.spec.ts","",""
"","1711","TC-CAT-09 | Поиск спецсимволами не вызывает ошибку @major","Desktop Chrome","2026-10-06","passed","2026-10-06","Каталог товаров","02-catalog.spec.ts","",""
"","5550","CJM-03-05 | Итоговая сумма в корзине отображается @major","Mobile Chrome","2026-10-06","passed","2026-10-06","CJM-03 | Управление корзиной","14-order-cjm.spec.ts","",""
"","4727","ТК-51 | Stored XSS: имя пользователя экранируется при отображении @major","Desktop Chrome","2026-10-06","passed","2026-10-06","SEC-INJECT | Инъекции","13-security-pentest.spec.ts","",""
"","4657","TC-COK-05 | Клик ""Принять"" скрывает баннер @major","Desktop Chrome","2026-10-06","passed","2026-10-06","Cookie Consent баннер","19-cookie.spec.ts","",""
"","5428","CJM-04-05 | Email-поле присутствует или предзаполнено @major","Desktop Chrome","2026-10-06","passed","2026-10-06","CJM-04 | Форма заказа","14-order-cjm.spec.ts","",""
"","5643","TC-PAY-08 | GET /payment/{order}/status с авторизацией возвращает статус @critical","Mobile Chrome","2026-10-06","passed","2026-10-06","Платёжный flow","11-payment-flow.spec.ts","",""
"","2992","TC-RAT-03 | Среднее значение рейтинга числовое (если отображается) @minor","Desktop Chrome","2026-10-06","passed","2026-10-06","Schema.org разметка и рейтинг","17-schema-and-rating.spec.ts","",""
"","3595","TC-CART-02 | Товар добавляется в корзину @major","Mobile Chrome","2026-10-06","failed","2026-10-06","Корзина","04-cart.spec.ts","",""
"","2362","TC-PAGE-09 | Страница оплаты содержит информацию о способах оплаты @minor","Mobile Chrome","2026-10-06","passed","2026-10-06","Статические страницы","08-pages.spec.ts","",""
"","2386","TC-CAT-21 | Карточки с badge показывают метку (NEW/SALE/HIT) @major","Mobile Chrome","2026-10-06","passed","2026-10-06","Каталог товаров","02-catalog.spec.ts","",""
"","3854","TC-CART-08 | Итоговая сумма отображается @major","Desktop Chrome","2026-10-06","failed","2026-10-06","Корзина","04-cart.spec.ts","",""
"","6515","TC-ADDR-06 | Отправка пустой формы показывает ошибки валидации @major","Mobile Chrome","2026-10-06","passed","2026-10-06","Адреса доставки","16-addresses.spec.ts","",""
"","2617","TC-RAT-02 | Рейтинг отображается иконками (puck/звёзды) @minor","Mobile Chrome","2026-10-06","passed","2026-10-06","Schema.org разметка и рейтинг","17-schema-and-rating.spec.ts","",""
"","2058","TC-PAGE-16 | Ссылка на доставку в футере работает @minor","Desktop Chrome","2026-10-06","passed","2026-10-06","Статические страницы","08-pages.spec.ts","",""
"","7642","TC-ADDR-08 | Кнопка ""Редактировать"" открывает форму с заполненными данными @major","Desktop Chrome","2026-10-06","passed","2026-10-06","Адреса доставки","16-addresses.spec.ts","",""
"","5176","TC-HOME-12 | Клик на карточку товара ведёт на страницу товара @critical","Desktop Chrome","2026-10-06","passed","2026-10-06","Главная страница","01-home.spec.ts","",""
"","2402","TC-PERF-02 | Каталог загружается быстрее 10 секунд @minor","Mobile Chrome","2026-10-06","passed","2026-10-06","Адаптивность и производительность","10-responsive.spec.ts","",""
"","5208","TC-CART-08 | Итоговая сумма отображается @major","Mobile Chrome","2026-10-06","failed","2026-10-06","Корзина","04-cart.spec.ts","",""
"","2415","CJM-01-01 | Пользователь заходит на каталог и видит товары @major","Desktop Chrome","2026-10-06","passed","2026-10-06","CJM-01 | Обнаружение товара","14-order-cjm.spec.ts","",""
"","3187","TC-HOME-01 | Страница загружается без ошибок (200) @critical","Desktop Chrome","2026-10-06","passed","2026-10-06","Главная страница","01-home.spec.ts","",""
"","7253","TC-SMS-12 | Форма SMS корректно отображается на мобильном viewport @major","Mobile Chrome","2026-10-06","passed","2026-10-06","SMS/OTP авторизация","18-sms-auth.spec.ts","",""
"","3164","TC-AUTH-02 | Auth-модал закрывается по Escape @critical","Mobile Chrome","2026-10-06","passed","2026-10-06","Авторизация и регистрация","05-auth.spec.ts","",""
"","220","TC-API-11 | GET /products/nonexistent-slug возвращает 404 @major","Desktop Chrome","2026-10-06","passed","2026-10-06","API-эндпоинты (smoke)","09-api.spec.ts","",""
"","3422","TC-CAT-19 | Переход в категорию через URL работает @major","Desktop Chrome","2026-10-06","passed","2026-10-06","Каталог товаров","02-catalog.spec.ts","",""
"","2369","CJM-01-04 | Страница товара показывает название и цену @major","Desktop Chrome","2026-10-06","passed","2026-10-06","CJM-01 | Обнаружение товара","14-order-cjm.spec.ts","",""
"","4393","TC-SCH-05 | Organization schema присутствует на главной странице @minor","Desktop Chrome","2026-10-06","passed","2026-10-06","Schema.org разметка и рейтинг","17-schema-and-rating.spec.ts","",""
"","5858","CJM-07-04 | Очень большое количество товара ограничивается @major","Mobile Chrome","2026-10-06","passed","2026-10-06","CJM-07 | Edge cases и граничные сценарии","14-order-cjm.spec.ts","",""
"","213","CJM-05-05 | Тариф доставки рассчитывается для Нижнего @major","Desktop Chrome","2026-10-06","passed","2026-10-06","CJM-05 | API доставки","14-order-cjm.spec.ts","",""
"","2520","TC-PAGE-08 | Страница оплаты загружается @minor","Mobile Chrome","2026-10-06","passed","2026-10-06","Статические страницы","08-pages.spec.ts","",""
"","4463","TC-CAT-13 | Фильтр по badge=sale работает через URL @major","Mobile Chrome","2026-10-06","passed","2026-10-06","Каталог товаров","02-catalog.spec.ts","",""
"","226","TC-1C-01 | checkauth с верными credentials возвращает success @major","Desktop Chrome","2026-10-06","passed","2026-10-06","1C CommerceML — Аутентификация","12-1c-integration.spec.ts","",""
"","6614","TC-HOME-11 | Карточка товара содержит название и цену @critical","Mobile Chrome","2026-10-06","passed","2026-10-06","Главная страница","01-home.spec.ts","",""
"","8512","TC-COK-06 | После принятия — при перезагрузке баннер не показывается @major","Desktop Chrome","2026-10-06","passed","2026-10-06","Cookie Consent баннер","19-cookie.spec.ts","",""
"","6185","CJM-07-06 | Переход к оплате с неверными данными показывает валидацию @major","Desktop Chrome","2026-10-06","passed","2026-10-06","CJM-07 | Edge cases и граничные сценарии","14-order-cjm.spec.ts","",""
"","2221","TC-CAT-14 | Фильтр по цене — параметры price_min/price_max сохраняются в URL @major","Mobile Chrome","2026-10-06","passed","2026-10-06","Каталог товаров","02-catalog.spec.ts","",""
"","3262","TC-PROD-04 | Галерея изображений загружается @major","Mobile Chrome","2026-10-06","passed","2026-10-06","Страница товара","03-product.spec.ts","",""
"","4006","TC-PAY-11 | /payment/result с status=fail показывает ошибку оплаты @critical","Desktop Chrome","2026-10-06","passed","2026-10-06","Платёжный flow","11-payment-flow.spec.ts","",""
"","3981","TC-ADDR-04 | Клик на ""Добавить адрес"" показывает форму с полями @major","Desktop Chrome","2026-10-06","passed","2026-10-06","Адреса доставки","16-addresses.spec.ts","",""
"","3137","TC-PAY-20 | Использование бонусов больше баланса отклоняется @critical","Desktop Chrome","2026-10-06","passed","2026-10-06","Платёжный flow","11-payment-flow.spec.ts","",""
"","3087","TC-HOME-04 | Иконка корзины видна в хедере @critical","Mobile Chrome","2026-10-06","passed","2026-10-06","Главная страница","01-home.spec.ts","",""
"","1099","TC-PAY-06b | Перебор order ID недоступен без авторизации @critical","Mobile Chrome","2026-10-06","passed","2026-10-06","Платёжный flow — защита без авторизации","11-payment-flow.spec.ts","",""
"","244","ТК-35 | CORS: произвольный домен не получает данные API @major","Desktop Chrome","2026-10-06","passed","2026-10-06","SEC-IDOR | Авторизация и IDOR","13-security-pentest.spec.ts","",""
"","1854","TC-AUTH-01 | Auth-модал открывается @critical","Desktop Chrome","2026-10-06","passed","2026-10-06","Авторизация и регистрация","05-auth.spec.ts","",""
"","2950","TC-PAY-09 | GET /payment/{order}/status для чужого заказа возвращает 403/404 @critical","Desktop Chrome","2026-10-06","passed","2026-10-06","Платёжный flow","11-payment-flow.spec.ts","",""
"","2269","TC-CAT-20 | Несуществующая категория не вызывает 500-ошибку @major","Mobile Chrome","2026-10-06","passed","2026-10-06","Каталог товаров","02-catalog.spec.ts","",""
"","4481","TC-COK-03 | Баннер содержит кнопку ""Отказаться"" или ссылку @major","Mobile Chrome","2026-10-06","passed","2026-10-06","Cookie Consent баннер","19-cookie.spec.ts","",""
"","3610","TC-RAT-03 | Среднее значение рейтинга числовое (если отображается) @minor","Mobile Chrome","2026-10-06","passed","2026-10-06","Schema.org разметка и рейтинг","17-schema-and-rating.spec.ts","",""
"","5992","TC-CHK-04 | Способы доставки отображаются @critical","Mobile Chrome","2026-10-06","passed","2026-10-06","Оформление заказа","07-checkout.spec.ts","",""
"","2916","TC-CHK-11 | API /delivery/cities возвращает список городов @critical","Desktop Chrome","2026-10-06","passed","2026-10-06","Оформление заказа","07-checkout.spec.ts","",""
"","216","TC-PAY-14 | POST /payment/{order}/refund для несуществующего заказа возвращает 401/404 @critical","Desktop Chrome","2026-10-06","passed","2026-10-06","Платёжный flow","11-payment-flow.spec.ts","",""
"","6055","CJM-03-03 | Кнопка «−» уменьшает количество @major","Desktop Chrome","2026-10-06","passed","2026-10-06","CJM-03 | Управление корзиной","14-order-cjm.spec.ts","",""
"","6659","TC-ADDR-09 | Кнопка ""Удалить"" удаляет адрес из списка @major","Desktop Chrome","2026-10-06","passed","2026-10-06","Адреса доставки","16-addresses.spec.ts","",""
"","2460","TC-CAT-10 | Несуществующий поиск показывает пустое состояние @major","Desktop Chrome","2026-10-06","passed","2026-10-06","Каталог товаров","02-catalog.spec.ts","",""
"","313","TC-API-02 | GET /products?per_page=6 возвращает не более 6 товаров @major","Mobile Chrome","2026-10-06","passed","2026-10-06","API-эндпоинты (smoke)","09-api.spec.ts","",""
"","5656","CJM-04-12 | Невалидный промокод показывает ошибку @major","Desktop Chrome","2026-10-06","passed","2026-10-06","CJM-04 | Форма заказа","14-order-cjm.spec.ts","",""
"","4114","CJM-06-02 | Список заказов содержит дату и сумму @major","Desktop Chrome","2026-10-06","passed","2026-10-06","CJM-06 | Статус и история заказов","14-order-cjm.spec.ts","",""
"","4663","TC-PAGE-01 | Страница контактов загружается @minor","Mobile Chrome","2026-10-06","passed","2026-10-06","Статические страницы","08-pages.spec.ts","",""
"","4890","TC-SCH-04 | Schema содержит availability (InStock или OutOfStock) @minor","Mobile Chrome","2026-10-06","failed","2026-10-06","Schema.org разметка и рейтинг","17-schema-and-rating.spec.ts","",""
"","3288","TC-COK-03 | Баннер содержит кнопку ""Отказаться"" или ссылку @major","Desktop Chrome","2026-10-06","passed","2026-10-06","Cookie Consent баннер","19-cookie.spec.ts","",""
"","1996","TC-HOME-02 | Логотип ХК Торпедо отображается в хедере @critical","Desktop Chrome","2026-10-06","passed","2026-10-06","Главная страница","01-home.spec.ts","",""
"","1951","TC-HOME-17 | Тег <title> не пустой @critical","Mobile Chrome","2026-10-06","passed","2026-10-06","Главная страница","01-home.spec.ts","",""
"","329","TC-API-18 | POST /checkout без авторизации возвращает 401 @major","Desktop Chrome","2026-10-06","passed","2026-10-06","API-эндпоинты (smoke)","09-api.spec.ts","",""
"","502","CJM-05-01 | API /delivery/cities возвращает список городов @major","Mobile Chrome","2026-10-06","passed","2026-10-06","CJM-05 | API доставки","14-order-cjm.spec.ts","",""
"","2831","TC-HOME-10 | Секция популярных / хитовых товаров загружается @critical","Mobile Chrome","2026-10-06","passed","2026-10-06","Главная страница","01-home.spec.ts","",""
"","658","TC-1C-73 | XXE-атака в XML отклоняется или игнорируется @major","Desktop Chrome","2026-10-06","passed","2026-10-06","1C CommerceML — Безопасность","12-1c-integration.spec.ts","",""
"","3472","TC-ACC-11 | Страница бонусов загружается @major","Mobile Chrome","2026-10-06","passed","2026-10-06","Личный кабинет","06-account.spec.ts","",""
"","3539","TC-SCH-01 | Страница товара содержит JSON-LD schema script @minor","Desktop Chrome","2026-10-06","passed","2026-10-06","Schema.org разметка и рейтинг","17-schema-and-rating.spec.ts","",""
"","1388","TC-AUTH-06 | Email некорректного формата показывает ошибку валидации @critical","Desktop Chrome","2026-10-06","passed","2026-10-06","Авторизация и регистрация","05-auth.spec.ts","",""
"","428","TC-API-12 | POST /auth/login с неверными данными возвращает 401 или 422 @major","Mobile Chrome","2026-10-06","passed","2026-10-06","API-эндпоинты (smoke)","09-api.spec.ts","",""
"","6234","TC-SCH-05 | Organization schema присутствует на главной странице @minor","Mobile Chrome","2026-10-06","passed","2026-10-06","Schema.org разметка и рейтинг","17-schema-and-rating.spec.ts","",""
"","2285","ТК-64 | Секреты не попадают в публичный JS-бандл @major","Desktop Chrome","2026-10-06","passed","2026-10-06","SEC-INFRA | Инфраструктура","13-security-pentest.spec.ts","",""
"","4449","TC-CHK-10 | Чекбокс «Потратить бонусы» присутствует @critical","Mobile Chrome","2026-10-06","passed","2026-10-06","Оформление заказа","07-checkout.spec.ts","",""
"","480","TC-API-03 | GET /products?sort=price_asc возвращает 200 @major","Mobile Chrome","2026-10-06","passed","2026-10-06","API-эндпоинты (smoke)","09-api.spec.ts","",""
"","4778","ТК-41 | Подмена цены при checkout: сервер игнорирует client-side цену @major","Desktop Chrome","2026-10-06","passed","2026-10-06","SEC-BIZ | Бизнес-логика","13-security-pentest.spec.ts","",""
"","6699","TC-COK-09 | Баннер корректно отображается на мобильном @major","Mobile Chrome","2026-10-06","passed","2026-10-06","Cookie Consent баннер","19-cookie.spec.ts","",""
"","5861","ТК-42 | Отрицательное/нулевое quantity в заказе отклоняется @major","Desktop Chrome","2026-10-06","passed","2026-10-06","SEC-BIZ | Бизнес-логика","13-security-pentest.spec.ts","",""
"","4475","TC-PAY-20 | Использование бонусов больше баланса отклоняется @critical","Mobile Chrome","2026-10-06","passed","2026-10-06","Платёжный flow","11-payment-flow.spec.ts","",""
"","1904","TC-PAGE-10 | Страница политики конфиденциальности загружается @minor","Desktop Chrome","2026-10-06","passed","2026-10-06","Статические страницы","08-pages.spec.ts","",""
"","3236","TC-HOME-03 | Навигация содержит ссылки на каталог и другие разделы @critical","Desktop Chrome","2026-10-06","passed","2026-10-06","Главная страница","01-home.spec.ts","",""
"","2281","TC-VK-07 | VK кнопка отображается и на мобильном viewport @major","Mobile Chrome","2026-10-06","passed","2026-10-06","VK авторизация","15-vk-auth.spec.ts","",""
"","5317","ТК-16 | Rate-limit на логин магазина (должен вернуть 429) @major","Desktop Chrome","2026-10-06","passed","2026-10-06","SEC-AUTH | Аутентификация","13-security-pentest.spec.ts","",""
"","1734","TC-CAT-11 | Панель фильтров открывается @major","Desktop Chrome","2026-10-06","passed","2026-10-06","Каталог товаров","02-catalog.spec.ts","",""
"","2449","TC-CAT-01 | Каталог загружается и показывает товары @major","Desktop Chrome","2026-10-06","passed","2026-10-06","Каталог товаров","02-catalog.spec.ts","",""
"","5705","ТК-34 | Mass Assignment: нельзя установить role=admin через API @major","Desktop Chrome","2026-10-06","passed","2026-10-06","SEC-IDOR | Авторизация и IDOR","13-security-pentest.spec.ts","",""
"","3890","TC-CHK-10 | Чекбокс «Потратить бонусы» присутствует @critical","Desktop Chrome","2026-10-06","passed","2026-10-06","Оформление заказа","07-checkout.spec.ts","",""
"","5319","ТК-30 | IDOR: чужие адреса доставки недоступны @major","Desktop Chrome","2026-10-06","passed","2026-10-06","SEC-IDOR | Авторизация и IDOR","13-security-pentest.spec.ts","",""
"","271","TC-API-12 | POST /auth/login с неверными данными возвращает 401 или 422 @major","Desktop Chrome","2026-10-06","passed","2026-10-06","API-эндпоинты (smoke)","09-api.spec.ts","",""
"","3046","CJM-02-02 | Добавление товара в корзину не вызывает ошибку @major","Desktop Chrome","2026-10-06","passed","2026-10-06","CJM-02 | Добавление в корзину","14-order-cjm.spec.ts","",""
"","5876","CJM-04-01 | Форма заказа отображается на /cart (авторизованный пользователь) @major","Desktop Chrome","2026-10-06","passed","2026-10-06","CJM-04 | Форма заказа","14-order-cjm.spec.ts","",""
"","225","TC-1C-20 | POST file: загрузка classifier XML возвращает success @major","Desktop Chrome","2026-10-06","passed","2026-10-06","1C CommerceML — Загрузка файлов (catalog)","12-1c-integration.spec.ts","",""
"","3584","TC-ACC-12 | Баланс бонусов отображается числом @major","Desktop Chrome","2026-10-06","passed","2026-10-06","Личный кабинет","06-account.spec.ts","",""
"","3673","TC-CHK-06 | Выбор СДЭК-курьер показывает поле адреса @critical","Desktop Chrome","2026-10-06","passed","2026-10-06","Оформление заказа","07-checkout.spec.ts","",""
"","4760","TC-SMS-04 | Кнопка ""Получить код"" присутствует в форме @major","Desktop Chrome","2026-10-06","passed","2026-10-06","SMS/OTP авторизация","18-sms-auth.spec.ts","",""
"","1927","TC-HOME-06 | Футер содержит контактную информацию @critical","Desktop Chrome","2026-10-06","passed","2026-10-06","Главная страница","01-home.spec.ts","",""
"","3385","CJM-01-04 | Страница товара показывает название и цену @major","Mobile Chrome","2026-10-06","passed","2026-10-06","CJM-01 | Обнаружение товара","14-order-cjm.spec.ts","",""
"","5991","TC-HOME-03 | Навигация содержит ссылки на каталог и другие разделы @critical","Mobile Chrome","2026-10-06","passed","2026-10-06","Главная страница","01-home.spec.ts","",""
"","3518","TC-CHK-09 | Невалидный промокод показывает ошибку @critical","Desktop Chrome","2026-10-06","passed","2026-10-06","Оформление заказа","07-checkout.spec.ts","",""
"","2294","TC-CAT-09 | Поиск спецсимволами не вызывает ошибку @major","Mobile Chrome","2026-10-06","passed","2026-10-06","Каталог товаров","02-catalog.spec.ts","",""
"","306","CJM-05-05 | Тариф доставки рассчитывается для Нижнего @major","Mobile Chrome","2026-10-06","passed","2026-10-06","CJM-05 | API доставки","14-order-cjm.spec.ts","",""
"","4193","CJM-04-05 | Email-поле присутствует или предзаполнено @major","Mobile Chrome","2026-10-06","passed","2026-10-06","CJM-04 | Форма заказа","14-order-cjm.spec.ts","",""
"","2750","TC-CART-02 | Товар добавляется в корзину @major","Desktop Chrome","2026-10-06","failed","2026-10-06","Корзина","04-cart.spec.ts","",""
"","6872","TC-ACC-06 | Смена пароля — несовпадающие пароли дают ошибку @major","Desktop Chrome","2026-10-06","passed","2026-10-06","Личный кабинет","06-account.spec.ts","",""
"","2697","TC-ACC-02 | Боковая навигация кабинета отображается @major","Desktop Chrome","2026-10-06","passed","2026-10-06","Личный кабинет","06-account.spec.ts","",""
"","6342","TC-COK-08 | Баннер зафиксирован внизу страницы (fixed position) @major","Mobile Chrome","2026-10-06","passed","2026-10-06","Cookie Consent баннер","19-cookie.spec.ts","",""
"","2557","TC-PAGE-12 | Страница возвратов загружается @minor","Mobile Chrome","2026-10-06","passed","2026-10-06","Статические страницы","08-pages.spec.ts","",""
"","4518","CJM-02-06 | Избранное: кнопка ♥ добавляет в список @major","Desktop Chrome","2026-10-06","passed","2026-10-06","CJM-02 | Добавление в корзину","14-order-cjm.spec.ts","",""
"","1364","TC-PROD-08 | Выбор опции обновляет цену или доступность @major","Desktop Chrome","2026-10-06","passed","2026-10-06","Страница товара","03-product.spec.ts","",""
"","3059","TC-ADDR-02 | Страница /account/addresses загружается без ошибок @major","Mobile Chrome","2026-10-06","passed","2026-10-06","Адреса доставки","16-addresses.spec.ts","",""
"","2329","CJM-02-04 | Корзина сохраняется при переходе на другую страницу @major","Desktop Chrome","2026-10-06","passed","2026-10-06","CJM-02 | Добавление в корзину","14-order-cjm.spec.ts","",""
"","767","ТК-48 | SQL Injection в поиске пользователей не вызывает 500 @major","Desktop Chrome","2026-10-06","passed","2026-10-06","SEC-INJECT | Инъекции","13-security-pentest.spec.ts","",""
"","2995","TC-PAGE-06 | Страница доставки содержит информацию о СДЭК @minor","Mobile Chrome","2026-10-06","passed","2026-10-06","Статические страницы","08-pages.spec.ts","",""
"","15070","TC-SMS-10 | Успешная верификация (mock 200 с user) → пользователь авторизован @major","Desktop Chrome","2026-10-06","failed","2026-10-06","SMS/OTP авторизация","18-sms-auth.spec.ts","",""
"","2831","TC-ADDR-01 | Пункт ""Адреса доставки"" есть в меню личного кабинета @major","Mobile Chrome","2026-10-06","passed","2026-10-06","Адреса доставки","16-addresses.spec.ts","",""
"","195","ТК-61 | _method=DELETE override не работает для защищённых ресурсов @major","Desktop Chrome","2026-10-06","passed","2026-10-06","SEC-CSRF | CSRF защита","13-security-pentest.spec.ts","",""
"","1552","TC-CAT-03 | Пагинация — кнопка «Показать ещё» загружает следующую страницу @major","Desktop Chrome","2026-10-06","passed","2026-10-06","Каталог товаров","02-catalog.spec.ts","",""
"","2183","TC-AUTH-05 | Неверные учётные данные показывают сообщение об ошибке @critical","Mobile Chrome","2026-10-06","passed","2026-10-06","Авторизация и регистрация","05-auth.spec.ts","",""
"","133","ТК-02 | .env не содержит секретов (backend) @major","Desktop Chrome","2026-10-06","passed","2026-10-06","SEC-RECON | Разведка и поверхность атаки","13-security-pentest.spec.ts","",""
"","2776","TC-CAT-12 | Фильтр по badge=new работает через URL @major","Desktop Chrome","2026-10-06","passed","2026-10-06","Каталог товаров","02-catalog.spec.ts","",""
"","1590","TC-RAT-02 | Рейтинг отображается иконками (puck/звёзды) @minor","Desktop Chrome","2026-10-06","passed","2026-10-06","Schema.org разметка и рейтинг","17-schema-and-rating.spec.ts","",""
"","7097","TC-ADDR-05 | Форма содержит поля: тип доставки, индекс, улица, дом, квартира @major","Desktop Chrome","2026-10-06","passed","2026-10-06","Адреса доставки","16-addresses.spec.ts","",""
"","5167","TC-RESP-21 | Каталог не выбрасывает JavaScript ошибок в консоль @minor","Mobile Chrome","2026-10-06","passed","2026-10-06","Адаптивность и производительность","10-responsive.spec.ts","",""
"","3611","TC-CAT-05 | Клик на карточку открывает страницу товара @major","Mobile Chrome","2026-10-06","passed","2026-10-06","Каталог товаров","02-catalog.spec.ts","",""
"","2542","TC-CAT-04 | Карточка товара: изображение, название, цена @major","Desktop Chrome","2026-10-06","passed","2026-10-06","Каталог товаров","02-catalog.spec.ts","",""
"","234","TC-1C-03 | checkauth с неверными credentials возвращает failure (401) @major","Desktop Chrome","2026-10-06","passed","2026-10-06","1C CommerceML — Аутентификация","12-1c-integration.spec.ts","",""
"","21836","TC-CART-06 | В корзине можно уменьшить количество @major","Mobile Chrome","2026-10-06","failed","2026-10-06","Корзина","04-cart.spec.ts","",""
"","4977","CJM-04-09 | Способы оплаты отображаются @major","Mobile Chrome","2026-10-06","passed","2026-10-06","CJM-04 | Форма заказа","14-order-cjm.spec.ts","",""
"","2303","TC-PROD-01 | Страница товара загружается @major","Desktop Chrome","2026-10-06","passed","2026-10-06","Страница товара","03-product.spec.ts","",""
"","21178","TC-CART-06 | В корзине можно уменьшить количество @major","Desktop Chrome","2026-10-06","failed","2026-10-06","Корзина","04-cart.spec.ts","",""
"","4465","TC-CHK-13 | Итоговая сумма обновляется при выборе доставки @critical","Desktop Chrome","2026-10-06","passed","2026-10-06","Оформление заказа","07-checkout.spec.ts","",""
"","2189","TC-PROD-09 | Можно изменить количество товара @major","Mobile Chrome","2026-10-06","passed","2026-10-06","Страница товара","03-product.spec.ts","",""
"","1308","TC-VK-07 | VK кнопка отображается и на мобильном viewport @major","Desktop Chrome","2026-10-06","passed","2026-10-06","VK авторизация","15-vk-auth.spec.ts","",""
"","3224","TC-CHK-07 | СДЭК: поиск по городам работает @critical","Desktop Chrome","2026-10-06","passed","2026-10-06","Оформление заказа","07-checkout.spec.ts","",""
"","4998","TC-CART-04 | Корзина сохраняется после перезагрузки страницы @major","Mobile Chrome","2026-10-06","failed","2026-10-06","Корзина","04-cart.spec.ts","",""
"","4171","TC-CHK-03 | Телефон форматируется в +7(XXX)XXX-XX-XX @critical","Mobile Chrome","2026-10-06","passed","2026-10-06","Оформление заказа","07-checkout.spec.ts","",""
"","5074","TC-ADDR-10 | Страница не падает с ""Что-то пошло не так"" @major","Mobile Chrome","2026-10-06","passed","2026-10-06","Адреса доставки","16-addresses.spec.ts","",""
"","330","TC-API-13 | GET /auth/user без авторизации возвращает 401 @major","Mobile Chrome","2026-10-06","passed","2026-10-06","API-эндпоинты (без авторизации)","09-api.spec.ts","",""
"","2847","TC-PAY-21 | Страница /payment содержит информацию о способах оплаты @critical","Mobile Chrome","2026-10-06","passed","2026-10-06","Платёжный flow","11-payment-flow.spec.ts","",""
"","3295","TC-RAT-01 | Блок рейтинга отображается на странице товара @minor","Mobile Chrome","2026-10-06","passed","2026-10-06","Schema.org разметка и рейтинг","17-schema-and-rating.spec.ts","",""
"","8646","TC-SMS-08 | Кнопка ""Изменить номер"" возвращает к полю телефона @major","Mobile Chrome","2026-10-06","passed","2026-10-06","SMS/OTP авторизация","18-sms-auth.spec.ts","",""
"","454","TC-1C-11 | init: file_limit >= 1MB @major","Desktop Chrome","2026-10-06","passed","2026-10-06","1C CommerceML — Инициализация","12-1c-integration.spec.ts","",""
"","2148","TC-VK-03 | Клик по кнопке VK открывает VK ID виджет или меняет состояние кнопки @major","Mobile Chrome","2026-10-06","skipped","2026-10-06","VK авторизация","15-vk-auth.spec.ts","",""
"","7260","TC-HOME-09 | Клик по кнопке слайдера меняет слайд @critical","Mobile Chrome","2026-10-06","passed","2026-10-06","Главная страница","01-home.spec.ts","",""
"","3640","TC-ACC-04 | Форма личных данных содержит поля ФИО и email @major","Desktop Chrome","2026-10-06","passed","2026-10-06","Личный кабинет","06-account.spec.ts","",""
"","1525","TC-PAGE-14 | 404-страница содержит ссылку на главную @minor","Desktop Chrome","2026-10-06","passed","2026-10-06","Статические страницы","08-pages.spec.ts","",""
"","3139","TC-RESP-01 | /catalog — нет горизонтального скролла на мобиле","Mobile Chrome","2026-10-06","passed","2026-10-06","Адаптивность и производительность","10-responsive.spec.ts","",""
"","462","TC-API-10 | GET /products/{slug} с валидным slug возвращает 200 @major","Desktop Chrome","2026-10-06","passed","2026-10-06","API-эндпоинты (smoke)","09-api.spec.ts","",""
"","2567","TC-CAT-08 | Пустой поиск не вызывает ошибку @major","Mobile Chrome","2026-10-06","passed","2026-10-06","Каталог товаров","02-catalog.spec.ts","",""
"","4016","CJM-04-03 | Поле телефона принимает российский формат @major","Mobile Chrome","2026-10-06","passed","2026-10-06","CJM-04 | Форма заказа","14-order-cjm.spec.ts","",""
"","4719","CJM-06-05 | API GET /shop/orders с auth возвращает список @major","Mobile Chrome","2026-10-06","passed","2026-10-06","CJM-06 | Статус и история заказов","14-order-cjm.spec.ts","",""
"","2523","TC-CAT-06 | Поиск по запросу показывает результаты @major","Desktop Chrome","2026-10-06","passed","2026-10-06","Каталог товаров","02-catalog.spec.ts","",""
"","231","TC-1C-52 | query (type=catalog) возвращает failure или XML (не 500) @major","Desktop Chrome","2026-10-06","passed","2026-10-06","1C CommerceML — Обмен заказами (sale)","12-1c-integration.spec.ts","",""
"","6820","TC-COK-07 | Клик ""Отказаться"" также скрывает баннер @major","Mobile Chrome","2026-10-06","passed","2026-10-06","Cookie Consent баннер","19-cookie.spec.ts","",""
"","5797","CJM-03-01 | Страница корзины отображает добавленный товар @major","Mobile Chrome","2026-10-06","passed","2026-10-06","CJM-03 | Управление корзиной","14-order-cjm.spec.ts","",""
"","1983","CJM-02-01 | Кнопка «В корзину» видима и активна @major","Desktop Chrome","2026-10-06","passed","2026-10-06","CJM-02 | Добавление в корзину","14-order-cjm.spec.ts","",""
"","1684","CJM-07-03 | Несуществующий slug продукта показывает 404, а не 500 @major","Desktop Chrome","2026-10-06","passed","2026-10-06","CJM-07 | Edge cases и граничные сценарии","14-order-cjm.spec.ts","",""
"","216","TC-1C-22 | POST file: загрузка offers XML возвращает success @major","Desktop Chrome","2026-10-06","passed","2026-10-06","1C CommerceML — Загрузка файлов (catalog)","12-1c-integration.spec.ts","",""
"","222","TC-1C-24 | POST file: загрузка rests XML возвращает success @major","Desktop Chrome","2026-10-06","passed","2026-10-06","1C CommerceML — Загрузка файлов (catalog)","12-1c-integration.spec.ts","",""
"","2936","TC-COK-01 | Cookie баннер отображается при первом посещении (нет localStorage cookie_consent) @major","Desktop Chrome","2026-10-06","passed","2026-10-06","Cookie Consent баннер","19-cookie.spec.ts","",""
"","3524","TC-CHK-08 | Способы оплаты отображаются @critical","Desktop Chrome","2026-10-06","passed","2026-10-06","Оформление заказа","07-checkout.spec.ts","",""
"","5207","TC-CHK-13 | Итоговая сумма обновляется при выборе доставки @critical","Mobile Chrome","2026-10-06","passed","2026-10-06","Оформление заказа","07-checkout.spec.ts","",""
"","2542","TC-PROD-04 | Галерея изображений загружается @major","Desktop Chrome","2026-10-06","passed","2026-10-06","Страница товара","03-product.spec.ts","",""
"","3712","TC-ACC-08 | Страница заказов загружается @major","Desktop Chrome","2026-10-06","passed","2026-10-06","Личный кабинет","06-account.spec.ts","",""
"","218","TC-1C-07 | Неизвестный mode возвращает failure @major","Desktop Chrome","2026-10-06","passed","2026-10-06","1C CommerceML — Аутентификация","12-1c-integration.spec.ts","",""
"","5200","TC-CART-03 | Счётчик в хедере обновляется при добавлении @major","Mobile Chrome","2026-10-06","failed","2026-10-06","Корзина","04-cart.spec.ts","",""
"","4189","TC-VK-04 | Страница /auth/vk/callback без code показывает ошибку или редиректит @major","Desktop Chrome","2026-10-06","passed","2026-10-06","VK авторизация","15-vk-auth.spec.ts","",""
"","6727","CJM-07-05 | Дублирующий клик «В корзину» не создаёт двойной позиции @major","Desktop Chrome","2026-10-06","passed","2026-10-06","CJM-07 | Edge cases и граничные сценарии","14-order-cjm.spec.ts","",""
"","304","CJM-06-04 | API GET /shop/orders требует авторизации @major","Mobile Chrome","2026-10-06","passed","2026-10-06","CJM-06 | Статус и история заказов","14-order-cjm.spec.ts","",""
"","2282","TC-PAY-22 | /account/orders показывает статус оплаты заказов @critical","Desktop Chrome","2026-10-06","passed","2026-10-06","Платёжный flow","11-payment-flow.spec.ts","",""
"","5423","TC-CHK-02 | Поля имени, email, телефона присутствуют @critical","Mobile Chrome","2026-10-06","passed","2026-10-06","Оформление заказа","07-checkout.spec.ts","",""
"","3137","CJM-02-04 | Корзина сохраняется при переходе на другую страницу @major","Mobile Chrome","2026-10-06","passed","2026-10-06","CJM-02 | Добавление в корзину","14-order-cjm.spec.ts","",""
"","4561","TC-RESP-40 | ScrollToTop при переходе между страницами @minor","Mobile Chrome","2026-10-06","passed","2026-10-06","Адаптивность и производительность","10-responsive.spec.ts","",""
"","5619","CJM-04-10 | Итоговая сумма к оплате отображается @major","Mobile Chrome","2026-10-06","passed","2026-10-06","CJM-04 | Форма заказа","14-order-cjm.spec.ts","",""
"","131","ТК-09 | PostgreSQL порт 5432 недоступен извне @major","Desktop Chrome","2026-10-06","passed","2026-10-06","SEC-RECON | Разведка и поверхность атаки","13-security-pentest.spec.ts","",""
"","4206","TC-CHK-09 | Невалидный промокод показывает ошибку @critical","Mobile Chrome","2026-10-06","passed","2026-10-06","Оформление заказа","07-checkout.spec.ts","",""
"","4747","CJM-03-03 | Кнопка «−» уменьшает количество @major","Mobile Chrome","2026-10-06","passed","2026-10-06","CJM-03 | Управление корзиной","14-order-cjm.spec.ts","",""
"","7138","TC-SMS-07 | Отображается countdown таймер (60 секунд) @major","Desktop Chrome","2026-10-06","passed","2026-10-06","SMS/OTP авторизация","18-sms-auth.spec.ts","",""
"","1399","TC-VK-01 | Кнопка ""Войти через VK"" отображается на форме логина @major","Desktop Chrome","2026-10-06","passed","2026-10-06","VK авторизация","15-vk-auth.spec.ts","",""
"","5338","TC-ACC-16 | Страница билетов загружается @major","Mobile Chrome","2026-10-06","passed","2026-10-06","Личный кабинет","06-account.spec.ts","",""
"","2646","CJM-01-03 | Клик на карточку переходит на страницу товара @major","Desktop Chrome","2026-10-06","passed","2026-10-06","CJM-01 | Обнаружение товара","14-order-cjm.spec.ts","",""
"","5687","TC-PAY-09 | GET /payment/{order}/status для чужого заказа возвращает 403/404 @critical","Mobile Chrome","2026-10-06","passed","2026-10-06","Платёжный flow","11-payment-flow.spec.ts","",""
"","1749","TC-CAT-20 | Несуществующая категория не вызывает 500-ошибку @major","Desktop Chrome","2026-10-06","passed","2026-10-06","Каталог товаров","02-catalog.spec.ts","",""
"","229","TC-1C-05 | checkauth для type=sale возвращает success @major","Desktop Chrome","2026-10-06","passed","2026-10-06","1C CommerceML — Аутентификация","12-1c-integration.spec.ts","",""
"","6378","TC-ADDR-03 | На странице есть кнопка ""Добавить адрес"" @major","Desktop Chrome","2026-10-06","passed","2026-10-06","Адреса доставки","16-addresses.spec.ts","",""
"","212","TC-1C-04 | checkauth без авторизации возвращает failure @major","Desktop Chrome","2026-10-06","passed","2026-10-06","1C CommerceML — Аутентификация","12-1c-integration.spec.ts","",""
"","7285","TC-ADDR-06 | Отправка пустой формы показывает ошибки валидации @major","Desktop Chrome","2026-10-06","passed","2026-10-06","Адреса доставки","16-addresses.spec.ts","",""
"","4754","TC-CAT-16 | Сортировка по цене (возрастание) через URL @major","Mobile Chrome","2026-10-06","passed","2026-10-06","Каталог товаров","02-catalog.spec.ts","",""
"","2462","TC-PROD-10 | Количество ограничено стоком @major","Mobile Chrome","2026-10-06","passed","2026-10-06","Страница товара","03-product.spec.ts","",""
"","6384","TC-HOME-08 | Кнопки навигации слайдера присутствуют @critical","Mobile Chrome","2026-10-06","passed","2026-10-06","Главная страница","01-home.spec.ts","",""
"","1783","TC-API-22 | GET /products?search=<script> не выполняет XSS @major","Desktop Chrome","2026-10-06","passed","2026-10-06","API-эндпоинты (smoke)","09-api.spec.ts","",""
"","252","TC-API-07 | GET /products?badge=sale возвращает 200 @major","Desktop Chrome","2026-10-06","passed","2026-10-06","API-эндпоинты (smoke)","09-api.spec.ts","",""
"","2435","TC-RAT-01 | Блок рейтинга отображается на странице товара @minor","Desktop Chrome","2026-10-06","passed","2026-10-06","Schema.org разметка и рейтинг","17-schema-and-rating.spec.ts","",""
"","1990","TC-PAGE-15 | Ссылка на политику в футере работает @minor","Desktop Chrome","2026-10-06","passed","2026-10-06","Статические страницы","08-pages.spec.ts","",""
"","6835","TC-SMS-05 | Ввод телефона и клик ""Получить код"" → вызывается POST /api/v1/shop/auth/send-otp @major","Desktop Chrome","2026-10-06","passed","2026-10-06","SMS/OTP авторизация","18-sms-auth.spec.ts","",""
"","5546","CJM-03-07 | Кнопка «Оформить заказ» ведёт на checkout @major","Desktop Chrome","2026-10-06","passed","2026-10-06","CJM-03 | Управление корзиной","14-order-cjm.spec.ts","",""
"","2045","TC-PAGE-07 | Страница доставки содержит информацию о самовывозе @minor","Desktop Chrome","2026-10-06","passed","2026-10-06","Статические страницы","08-pages.spec.ts","",""
"","703","TC-API-21 | Все API-ответы имеют Content-Type: application/json @major","Desktop Chrome","2026-10-06","passed","2026-10-06","API-эндпоинты (smoke)","09-api.spec.ts","",""
"","4921","TC-HOME-16 | На мобиле меню открывается по клику @critical","Mobile Chrome","2026-10-06","passed","2026-10-06","Главная страница","01-home.spec.ts","",""
"","214","TC-1C-25 | POST file без filename возвращает failure @major","Desktop Chrome","2026-10-06","passed","2026-10-06","1C CommerceML — Загрузка файлов (catalog)","12-1c-integration.spec.ts","",""
"","240","TC-1C-51 | query возвращает валидный XML с КоммерческаяИнформация @major","Desktop Chrome","2026-10-06","passed","2026-10-06","1C CommerceML — Обмен заказами (sale)","12-1c-integration.spec.ts","",""
"","2346","TC-API-22 | GET /products?search=<script> не выполняет XSS @major","Mobile Chrome","2026-10-06","passed","2026-10-06","API-эндпоинты (smoke)","09-api.spec.ts","",""
"","802","ТК-50 | SQL Injection в параметре sort не вызывает 500 @major","Desktop Chrome","2026-10-06","passed","2026-10-06","SEC-INJECT | Инъекции","13-security-pentest.spec.ts","",""
"","6521","TC-ADDR-09 | Кнопка ""Удалить"" удаляет адрес из списка @major","Mobile Chrome","2026-10-06","passed","2026-10-06","Адреса доставки","16-addresses.spec.ts","",""
"","446","TC-API-18 | POST /checkout без авторизации возвращает 401 @major","Mobile Chrome","2026-10-06","passed","2026-10-06","API-эндпоинты (smoke)","09-api.spec.ts","",""
"","4806","TC-AUTH-09 | /account/orders перенаправляет на логин без авторизации @critical","Desktop Chrome","2026-10-06","passed","2026-10-06","Авторизация и регистрация","05-auth.spec.ts","",""
"","2220","CJM-07-03 | Несуществующий slug продукта показывает 404, а не 500 @major","Mobile Chrome","2026-10-06","passed","2026-10-06","CJM-07 | Edge cases и граничные сценарии","14-order-cjm.spec.ts","",""
"","213","TC-API-15 | POST /delivery/calculate с корректными данными возвращает 200 @major","Desktop Chrome","2026-10-06","passed","2026-10-06","API-эндпоинты (smoke)","09-api.spec.ts","",""
"","2904","TC-PAGE-07 | Страница доставки содержит информацию о самовывозе @minor","Mobile Chrome","2026-10-06","passed","2026-10-06","Статические страницы","08-pages.spec.ts","",""
"","3211","TC-HOME-07 | Hero-слайдер отображается @critical","Mobile Chrome","2026-10-06","passed","2026-10-06","Главная страница","01-home.spec.ts","",""
"","185","TC-API-17 | GET /me/orders без авторизации возвращает 401 @major","Desktop Chrome","2026-10-06","passed","2026-10-06","API-эндпоинты (smoke)","09-api.spec.ts","",""
"","240","TC-API-02 | GET /products?per_page=6 возвращает не более 6 товаров @major","Desktop Chrome","2026-10-06","passed","2026-10-06","API-эндпоинты (smoke)","09-api.spec.ts","",""
"","234","ТК-14 | Security headers присутствуют на backend @major","Desktop Chrome","2026-10-06","passed","2026-10-06","SEC-RECON | Разведка и поверхность атаки","13-security-pentest.spec.ts","",""
"","4223","TC-SCH-03 | Schema содержит name, price, priceCurrency @minor","Desktop Chrome","2026-10-06","failed","2026-10-06","Schema.org разметка и рейтинг","17-schema-and-rating.spec.ts","",""
"","5272","CJM-07-01 | Пустая корзина не позволяет перейти к оформлению @major","Desktop Chrome","2026-10-06","passed","2026-10-06","CJM-07 | Edge cases и граничные сценарии","14-order-cjm.spec.ts","",""
"","6362","ТК-33 | Shop-токен не даёт доступ к admin-эндпоинтам @major","Desktop Chrome","2026-10-06","passed","2026-10-06","SEC-IDOR | Авторизация и IDOR","13-security-pentest.spec.ts","",""
"","2158","TC-VK-01 | Кнопка ""Войти через VK"" отображается на форме логина @major","Mobile Chrome","2026-10-06","passed","2026-10-06","VK авторизация","15-vk-auth.spec.ts","",""
"","5913","TC-CHK-11 | API /delivery/cities возвращает список городов @critical","Mobile Chrome","2026-10-06","passed","2026-10-06","Оформление заказа","07-checkout.spec.ts","",""
"","3856","TC-HOME-05 | Футер отображается @critical","Mobile Chrome","2026-10-06","passed","2026-10-06","Главная страница","01-home.spec.ts","",""
"","270","TC-PAY-14 | POST /payment/{order}/refund для несуществующего заказа возвращает 401/404 @critical","Mobile Chrome","2026-10-06","passed","2026-10-06","Платёжный flow","11-payment-flow.spec.ts","",""
"","10012","TC-ACC-06 | Смена пароля — несовпадающие пароли дают ошибку @major","Mobile Chrome","2026-10-06","passed","2026-10-06","Личный кабинет","06-account.spec.ts","",""
"","3154","TC-PROD-02 | Название товара отображается в h1 @major","Mobile Chrome","2026-10-06","passed","2026-10-06","Страница товара","03-product.spec.ts","",""
"","13259","TC-CART-01 | Пустая корзина показывает соответствующее сообщение @major","Desktop Chrome","2026-10-06","failed","2026-10-06","Корзина","04-cart.spec.ts","",""
"","5755","TC-COK-07 | Клик ""Отказаться"" также скрывает баннер @major","Desktop Chrome","2026-10-06","passed","2026-10-06","Cookie Consent баннер","19-cookie.spec.ts","",""
"","4360","TC-CAT-19 | Переход в категорию через URL работает @major","Mobile Chrome","2026-10-06","passed","2026-10-06","Каталог товаров","02-catalog.spec.ts","",""
"","4399","CJM-04-01 | Форма заказа отображается на /cart (авторизованный пользователь) @major","Mobile Chrome","2026-10-06","passed","2026-10-06","CJM-04 | Форма заказа","14-order-cjm.spec.ts","",""
"","9709","TC-ADDR-07 | Успешное добавление адреса отображает его в списке @major","Mobile Chrome","2026-10-06","passed","2026-10-06","Адреса доставки","16-addresses.spec.ts","",""
"","4928","TC-RESP-01 | /contacts — нет горизонтального скролла на мобиле","Mobile Chrome","2026-10-06","passed","2026-10-06","Адаптивность и производительность","10-responsive.spec.ts","",""
"","197","ТК-38 | Loyalty: списание баллов требует авторизации @major","Desktop Chrome","2026-10-06","passed","2026-10-06","SEC-BIZ | Бизнес-логика","13-security-pentest.spec.ts","",""
"","7725","ТК-43 | Промокод: перебор ограничен rate-limit @major","Desktop Chrome","2026-10-06","passed","2026-10-06","SEC-BIZ | Бизнес-логика","13-security-pentest.spec.ts","",""
"","277","TC-PAY-17 | Webhook с невалидной подписью отклоняется @critical","Mobile Chrome","2026-10-06","passed","2026-10-06","Платёжный flow","11-payment-flow.spec.ts","",""
"","4456","TC-CAT-18 | Сортировка по названию через URL @major","Mobile Chrome","2026-10-06","passed","2026-10-06","Каталог товаров","02-catalog.spec.ts","",""
"","2240","TC-AUTH-06 | Email некорректного формата показывает ошибку валидации @critical","Mobile Chrome","2026-10-06","passed","2026-10-06","Авторизация и регистрация","05-auth.spec.ts","",""
"","4303","CJM-04-12 | Невалидный промокод показывает ошибку @major","Mobile Chrome","2026-10-06","passed","2026-10-06","CJM-04 | Форма заказа","14-order-cjm.spec.ts","",""
"","2667","TC-CAT-18 | Сортировка по названию через URL @major","Desktop Chrome","2026-10-06","passed","2026-10-06","Каталог товаров","02-catalog.spec.ts","",""
"","403","TC-PAY-16 | Webhook Уралсиб без подписи отклоняется @critical","Mobile Chrome","2026-10-06","passed","2026-10-06","Платёжный flow","11-payment-flow.spec.ts","",""
"","348","TC-API-04 | GET /products?sort=price_desc возвращает 200 @major","Desktop Chrome","2026-10-06","passed","2026-10-06","API-эндпоинты (smoke)","09-api.spec.ts","",""
"","4919","TC-AUTH-10 | /payment/result перенаправляет без авторизации @critical","Desktop Chrome","2026-10-06","passed","2026-10-06","Авторизация и регистрация","05-auth.spec.ts","",""
"","1687","TC-CAT-21 | Карточки с badge показывают метку (NEW/SALE/HIT) @major","Desktop Chrome","2026-10-06","passed","2026-10-06","Каталог товаров","02-catalog.spec.ts","",""
"","286","TC-API-15 | POST /delivery/calculate с корректными данными возвращает 200 @major","Mobile Chrome","2026-10-06","passed","2026-10-06","API-эндпоинты (smoke)","09-api.spec.ts","",""
"","6611","CJM-03-05 | Итоговая сумма в корзине отображается @major","Desktop Chrome","2026-10-06","passed","2026-10-06","CJM-03 | Управление корзиной","14-order-cjm.spec.ts","",""
"","5738","TC-ACC-08 | Страница заказов загружается @major","Mobile Chrome","2026-10-06","passed","2026-10-06","Личный кабинет","06-account.spec.ts","",""
"","4145","TC-HOME-11 | Карточка товара содержит название и цену @critical","Desktop Chrome","2026-10-06","passed","2026-10-06","Главная страница","01-home.spec.ts","",""
"","271","TC-1C-53 | success (type=sale) возвращает success @major","Desktop Chrome","2026-10-06","passed","2026-10-06","1C CommerceML — Обмен заказами (sale)","12-1c-integration.spec.ts","",""
"","200","CJM-06-04 | API GET /shop/orders требует авторизации @major","Desktop Chrome","2026-10-06","passed","2026-10-06","CJM-06 | Статус и история заказов","14-order-cjm.spec.ts","",""
"","296","ТК-66 | Source maps не доступны на production @major","Desktop Chrome","2026-10-06","passed","2026-10-06","SEC-RECON | Разведка и поверхность атаки","13-security-pentest.spec.ts","",""
"","221","TC-1C-02 | checkauth возвращает cookie в ответе @major","Desktop Chrome","2026-10-06","passed","2026-10-06","1C CommerceML — Аутентификация","12-1c-integration.spec.ts","",""
"","7160","TC-HOME-12 | Клик на карточку товара ведёт на страницу товара @critical","Mobile Chrome","2026-10-06","passed","2026-10-06","Главная страница","01-home.spec.ts","",""
"","345","TC-API-03 | GET /products?sort=price_asc возвращает 200 @major","Desktop Chrome","2026-10-06","passed","2026-10-06","API-эндпоинты (smoke)","09-api.spec.ts","",""
"","5248","TC-SCH-03 | Schema содержит name, price, priceCurrency @minor","Mobile Chrome","2026-10-06","failed","2026-10-06","Schema.org разметка и рейтинг","17-schema-and-rating.spec.ts","",""
"","6397","TC-SMS-06 | После отправки кода появляется поле для ввода OTP @major","Desktop Chrome","2026-10-06","passed","2026-10-06","SMS/OTP авторизация","18-sms-auth.spec.ts","",""
"","344","TC-API-07 | GET /products?badge=sale возвращает 200 @major","Mobile Chrome","2026-10-06","passed","2026-10-06","API-эндпоинты (smoke)","09-api.spec.ts","",""
"","243","TC-API-17 | GET /me/orders без авторизации возвращает 401 @major","Mobile Chrome","2026-10-06","passed","2026-10-06","API-эндпоинты (smoke)","09-api.spec.ts","",""
"","506","TC-API-04 | GET /products?sort=price_desc возвращает 200 @major","Mobile Chrome","2026-10-06","passed","2026-10-06","API-эндпоинты (smoke)","09-api.spec.ts","",""
"","5740","TC-SCH-06 | Organization schema содержит name и url @minor","Mobile Chrome","2026-10-06","passed","2026-10-06","Schema.org разметка и рейтинг","17-schema-and-rating.spec.ts","",""
"","2268","TC-PROD-03 | Цена товара отображается @major","Desktop Chrome","2026-10-06","passed","2026-10-06","Страница товара","03-product.spec.ts","",""
"","199","ТК-57 | Оформление заказа без CSRF отклоняется @major","Desktop Chrome","2026-10-06","passed","2026-10-06","SEC-CSRF | CSRF защита","13-security-pentest.spec.ts","",""
"","4582","CJM-06-05 | API GET /shop/orders с auth возвращает список @major","Desktop Chrome","2026-10-06","passed","2026-10-06","CJM-06 | Статус и история заказов","14-order-cjm.spec.ts","",""
"","3967","TC-PAY-10 | /payment/result показывает статус успешной оплаты (success сценарий) @critical","Desktop Chrome","2026-10-06","passed","2026-10-06","Платёжный flow","11-payment-flow.spec.ts","",""
"","221","ТК-65 | API возвращает стандартные коды ошибок без stack traces @major","Desktop Chrome","2026-10-06","passed","2026-10-06","SEC-INFRA | Инфраструктура","13-security-pentest.spec.ts","",""
"","1544","TC-PROD-14 | Секция похожих товаров загружается @major","Desktop Chrome","2026-10-06","passed","2026-10-06","Страница товара","03-product.spec.ts","",""
"","4244","TC-PAY-03 | /payment/result с несуществующим order_id не ломает приложение @critical","Desktop Chrome","2026-10-06","passed","2026-10-06","Платёжный flow","11-payment-flow.spec.ts","",""
"","658","ТК-11 | TLS: ответ сервера использует HTTPS @major","Desktop Chrome","2026-10-06","passed","2026-10-06","SEC-RECON | Разведка и поверхность атаки","13-security-pentest.spec.ts","",""
"","5696","TC-ADDR-05 | Форма содержит поля: тип доставки, индекс, улица, дом, квартира @major","Mobile Chrome","2026-10-06","passed","2026-10-06","Адреса доставки","16-addresses.spec.ts","",""
"","4156","TC-ADDR-01 | Пункт ""Адреса доставки"" есть в меню личного кабинета @major","Desktop Chrome","2026-10-06","passed","2026-10-06","Адреса доставки","16-addresses.spec.ts","",""
"","2019","ТК-53 | Reflected XSS в URL-параметрах не исполняется @major","Desktop Chrome","2026-10-06","passed","2026-10-06","SEC-INJECT | Инъекции","13-security-pentest.spec.ts","",""
"","2925","CJM-02-01 | Кнопка «В корзину» видима и активна @major","Mobile Chrome","2026-10-06","passed","2026-10-06","CJM-02 | Добавление в корзину","14-order-cjm.spec.ts","",""
"","2515","TC-CAT-23 | На мобиле каталог отображается без горизонтального скролла @major","Mobile Chrome","2026-10-06","passed","2026-10-06","Каталог товаров","02-catalog.spec.ts","",""
"","1740","TC-PROD-10 | Количество ограничено стоком @major","Desktop Chrome","2026-10-06","passed","2026-10-06","Страница товара","03-product.spec.ts","",""
"","5361","TC-ACC-03 | Страница личных данных загружается @major","Mobile Chrome","2026-10-06","passed","2026-10-06","Личный кабинет","06-account.spec.ts","",""
"","511","TC-API-14 | GET /delivery/cities возвращает 200 @major","Desktop Chrome","2026-10-06","passed","2026-10-06","API-эндпоинты (smoke)","09-api.spec.ts","",""
"","1686","TC-CAT-07 | URL-параметр search сохраняется при переходе @major","Desktop Chrome","2026-10-06","passed","2026-10-06","Каталог товаров","02-catalog.spec.ts","",""
"","2370","TC-VK-06 | На странице логина присутствует разделитель ""или"" между формой и VK кнопкой @major","Mobile Chrome","2026-10-06","passed","2026-10-06","VK авторизация","15-vk-auth.spec.ts","",""
"","4664","CJM-06-01 | Страница /account/orders загружается @major","Mobile Chrome","2026-10-06","passed","2026-10-06","CJM-06 | Статус и история заказов","14-order-cjm.spec.ts","",""
"","4343","TC-RESP-10 | Все видимые изображения загрузились без ошибок @minor","Mobile Chrome","2026-10-06","passed","2026-10-06","Адаптивность и производительность","10-responsive.spec.ts","",""
"","219","TC-API-19 | POST /checkout с пустыми items возвращает 422 @major","Desktop Chrome","2026-10-06","passed","2026-10-06","API-эндпоинты (smoke)","09-api.spec.ts","",""
"","3598","TC-ACC-16 | Страница билетов загружается @major","Desktop Chrome","2026-10-06","passed","2026-10-06","Личный кабинет","06-account.spec.ts","",""
"","223","TC-1C-36 | import rests обновляет остатки вариантов @major","Desktop Chrome","2026-10-06","passed","2026-10-06","1C CommerceML — Импорт каталога","12-1c-integration.spec.ts","",""
"","3688","TC-ACC-17 | Страница абонементов загружается @major","Desktop Chrome","2026-10-06","passed","2026-10-06","Личный кабинет","06-account.spec.ts","",""
"","6365","CJM-04-06 | Способы доставки отображаются @major","Desktop Chrome","2026-10-06","passed","2026-10-06","CJM-04 | Форма заказа","14-order-cjm.spec.ts","",""
"","2927","TC-AUTH-01 | Auth-модал открывается @critical","Mobile Chrome","2026-10-06","passed","2026-10-06","Авторизация и регистрация","05-auth.spec.ts","",""
"","4554","TC-CART-03 | Счётчик в хедере обновляется при добавлении @major","Desktop Chrome","2026-10-06","failed","2026-10-06","Корзина","04-cart.spec.ts","",""
"","4951","TC-AUTH-08 | Выход очищает сессию @critical","Desktop Chrome","2026-10-06","passed","2026-10-06","Авторизация и регистрация","05-auth.spec.ts","",""
"","3202","TC-CHK-03 | Телефон форматируется в +7(XXX)XXX-XX-XX @critical","Desktop Chrome","2026-10-06","passed","2026-10-06","Оформление заказа","07-checkout.spec.ts","",""
"","4078","TC-SMS-12 | Форма SMS корректно отображается на мобильном viewport @major","Desktop Chrome","2026-10-06","passed","2026-10-06","SMS/OTP авторизация","18-sms-auth.spec.ts","",""
"","7216","TC-AUTH-08 | Выход очищает сессию @critical","Mobile Chrome","2026-10-06","passed","2026-10-06","Авторизация и регистрация","05-auth.spec.ts","",""
"","2658","TC-COK-09 | Баннер корректно отображается на мобильном @major","Desktop Chrome","2026-10-06","passed","2026-10-06","Cookie Consent баннер","19-cookie.spec.ts","",""
"","6580","TC-RAT-04 | В заказах отображается блок оценки товара (если есть заказы) @minor","Desktop Chrome","2026-10-06","passed","2026-10-06","Schema.org разметка и рейтинг","17-schema-and-rating.spec.ts","",""
"","1984","TC-HOME-17 | Тег <title> не пустой @critical","Desktop Chrome","2026-10-06","passed","2026-10-06","Главная страница","01-home.spec.ts","",""
"","119","ТК-10 | Redis порт 6379 недоступен извне @major","Desktop Chrome","2026-10-06","passed","2026-10-06","SEC-RECON | Разведка и поверхность атаки","13-security-pentest.spec.ts","",""
"","2849","TC-PAY-19 | Отрицательная сумма заказа отклоняется @critical","Desktop Chrome","2026-10-06","passed","2026-10-06","Платёжный flow","11-payment-flow.spec.ts","",""
"","3088","CJM-01-01 | Пользователь заходит на каталог и видит товары @major","Mobile Chrome","2026-10-06","passed","2026-10-06","CJM-01 | Обнаружение товара","14-order-cjm.spec.ts","",""
"","2336","TC-PROD-15 | Несуществующий slug не роняет приложение @major","Mobile Chrome","2026-10-06","passed","2026-10-06","Страница товара","03-product.spec.ts","",""
"","3714","TC-SCH-02 | Schema.org тип Product корректен @minor","Desktop Chrome","2026-10-06","passed","2026-10-06","Schema.org разметка и рейтинг","17-schema-and-rating.spec.ts","",""
"","405","CJM-05-01 | API /delivery/cities возвращает список городов @major","Desktop Chrome","2026-10-06","passed","2026-10-06","CJM-05 | API доставки","14-order-cjm.spec.ts","",""
"","1903","TC-PAGE-06 | Страница доставки содержит информацию о СДЭК @minor","Desktop Chrome","2026-10-06","passed","2026-10-06","Статические страницы","08-pages.spec.ts","",""
"","248","TC-1C-12 | init без авторизации всё равно работает (сессия не требуется) @major","Desktop Chrome","2026-10-06","passed","2026-10-06","1C CommerceML — Инициализация","12-1c-integration.spec.ts","",""
"","8773","TC-SMS-05 | Ввод телефона и клик ""Получить код"" → вызывается POST /api/v1/shop/auth/send-otp @major","Mobile Chrome","2026-10-06","passed","2026-10-06","SMS/OTP авторизация","18-sms-auth.spec.ts","",""
"","2814","CJM-07-02 | Неавторизованный пользователь видит призыв к входу в корзине @major","Desktop Chrome","2026-10-06","passed","2026-10-06","CJM-07 | Edge cases и граничные сценарии","14-order-cjm.spec.ts","",""
"","5247","CJM-03-07 | Кнопка «Оформить заказ» ведёт на checkout @major","Mobile Chrome","2026-10-06","passed","2026-10-06","CJM-03 | Управление корзиной","14-order-cjm.spec.ts","",""
"","1736","TC-AUTH-05 | Неверные учётные данные показывают сообщение об ошибке @critical","Desktop Chrome","2026-10-06","passed","2026-10-06","Авторизация и регистрация","05-auth.spec.ts","",""
"","255","TC-API-05 | GET /products?search=торпедо возвращает 200 @major","Desktop Chrome","2026-10-06","passed","2026-10-06","API-эндпоинты (smoke)","09-api.spec.ts","",""
"","2406","TC-PROD-13 | QuickView-модал закрывается по Escape @major","Mobile Chrome","2026-10-06","passed","2026-10-06","Страница товара","03-product.spec.ts","",""
"","3835","TC-CART-09 | Неавторизованный пользователь видит форму входа в корзине @major","Desktop Chrome","2026-10-06","passed","2026-10-06","Корзина","04-cart.spec.ts","",""
"","6277","TC-HOME-01 | Страница загружается без ошибок (200) @critical","Mobile Chrome","2026-10-06","passed","2026-10-06","Главная страница","01-home.spec.ts","",""
"","6327","TC-COK-05 | Клик ""Принять"" скрывает баннер @major","Mobile Chrome","2026-10-06","passed","2026-10-06","Cookie Consent баннер","19-cookie.spec.ts","",""
"","2171","TC-AUTH-07 | После 5 неверных попыток входа показывается блокировка @critical","Mobile Chrome","2026-10-06","passed","2026-10-06","Авторизация и регистрация","05-auth.spec.ts","",""
"","1696","TC-PROD-13 | QuickView-модал закрывается по Escape @major","Desktop Chrome","2026-10-06","passed","2026-10-06","Страница товара","03-product.spec.ts","",""
"","213","TC-API-13 | GET /auth/user без авторизации возвращает 401 @major","Desktop Chrome","2026-10-06","passed","2026-10-06","API-эндпоинты (без авторизации)","09-api.spec.ts","",""
"","3515","CJM-01-03 | Клик на карточку переходит на страницу товара @major","Mobile Chrome","2026-10-06","passed","2026-10-06","CJM-01 | Обнаружение товара","14-order-cjm.spec.ts","",""
"","5566","TC-ACC-14 | Страница избранного загружается @major","Mobile Chrome","2026-10-06","passed","2026-10-06","Личный кабинет","06-account.spec.ts","",""
"","1457","TC-PAY-21 | Страница /payment содержит информацию о способах оплаты @critical","Desktop Chrome","2026-10-06","passed","2026-10-06","Платёжный flow","11-payment-flow.spec.ts","",""
"","390","TC-API-14 | GET /delivery/cities возвращает 200 @major","Mobile Chrome","2026-10-06","passed","2026-10-06","API-эндпоинты (smoke)","09-api.spec.ts","",""
"","4231","CJM-04-04 | Телефон с +7 форматируется корректно @major","Mobile Chrome","2026-10-06","passed","2026-10-06","CJM-04 | Форма заказа","14-order-cjm.spec.ts","",""
"","11614","TC-SMS-10 | Успешная верификация (mock 200 с user) → пользователь авторизован @major","Mobile Chrome","2026-10-06","failed","2026-10-06","SMS/OTP авторизация","18-sms-auth.spec.ts","",""
"","4379","TC-CHK-07 | СДЭК: поиск по городам работает @critical","Mobile Chrome","2026-10-06","passed","2026-10-06","Оформление заказа","07-checkout.spec.ts","",""
"","333","CJM-05-04 | Невалидный city_code не вызывает 500 @major","Mobile Chrome","2026-10-06","passed","2026-10-06","CJM-05 | API доставки","14-order-cjm.spec.ts","",""
"","4449","TC-PAY-18 | Нулевая сумма заказа отклоняется @critical","Mobile Chrome","2026-10-06","passed","2026-10-06","Платёжный flow","11-payment-flow.spec.ts","",""
"","1762","TC-AUTH-02 | Auth-модал закрывается по Escape @critical","Desktop Chrome","2026-10-06","passed","2026-10-06","Авторизация и регистрация","05-auth.spec.ts","",""
"","1644","CJM-01-06 | Переключение фото в галерее работает @major","Desktop Chrome","2026-10-06","passed","2026-10-06","CJM-01 | Обнаружение товара","14-order-cjm.spec.ts","",""
"","5421","TC-COK-04 | Баннер содержит ссылку на политику конфиденциальности @major","Mobile Chrome","2026-10-06","passed","2026-10-06","Cookie Consent баннер","19-cookie.spec.ts","",""
"","8483","TC-SMS-11 | Переключатель ""По паролю"" возвращает обычную форму @major","Mobile Chrome","2026-10-06","passed","2026-10-06","SMS/OTP авторизация","18-sms-auth.spec.ts","",""
"","3828","TC-PAGE-03 | На странице контактов нет запроса геолокации (авто-гео убрана) @minor","Desktop Chrome","2026-10-06","passed","2026-10-06","Статические страницы","08-pages.spec.ts","",""
"","2498","TC-PAGE-10 | Страница политики конфиденциальности загружается @minor","Mobile Chrome","2026-10-06","passed","2026-10-06","Статические страницы","08-pages.spec.ts","",""
"","5205","TC-ACC-12 | Баланс бонусов отображается числом @major","Mobile Chrome","2026-10-06","passed","2026-10-06","Личный кабинет","06-account.spec.ts","",""
"","237","CJM-05-02 | API /delivery/pickup-points принимает city_code @major","Desktop Chrome","2026-10-06","passed","2026-10-06","CJM-05 | API доставки","14-order-cjm.spec.ts","",""
"","1923","ТК-53b | XSS через имя категории не исполняется @major","Desktop Chrome","2026-10-06","passed","2026-10-06","SEC-INJECT | Инъекции","13-security-pentest.spec.ts","",""
"","3205","TC-RESP-01 | /payment — нет горизонтального скролла на мобиле","Mobile Chrome","2026-10-06","passed","2026-10-06","Адаптивность и производительность","10-responsive.spec.ts","",""
"","2660","TC-ACC-11 | Страница бонусов загружается @major","Desktop Chrome","2026-10-06","passed","2026-10-06","Личный кабинет","06-account.spec.ts","",""
"","4887","TC-VK-05 | Страница /auth/vk/callback с невалидным code показывает сообщение об ошибке @major","Desktop Chrome","2026-10-06","passed","2026-10-06","VK авторизация","15-vk-auth.spec.ts","",""
"","2893","TC-PROD-03 | Цена товара отображается @major","Mobile Chrome","2026-10-06","passed","2026-10-06","Страница товара","03-product.spec.ts","",""
"","2310","TC-PROD-07 | Если у товара есть опции (размеры), они отображаются @major","Mobile Chrome","2026-10-06","passed","2026-10-06","Страница товара","03-product.spec.ts","",""
"","2141","TC-RESP-31 | Прямая ссылка на каталог с фильтрами восстанавливает состояние @minor","Mobile Chrome","2026-10-06","passed","2026-10-06","Адаптивность и производительность","10-responsive.spec.ts","",""
"","4506","TC-CAT-17 | Сортировка по цене (убывание) через URL @major","Mobile Chrome","2026-10-06","passed","2026-10-06","Каталог товаров","02-catalog.spec.ts","",""
"","271","TC-API-20 | POST /shop/ratings без авторизации возвращает 401 @major","Mobile Chrome","2026-10-06","passed","2026-10-06","API-эндпоинты (smoke)","09-api.spec.ts","",""
"","4372","CJM-04-11 | Поле комментария к заказу присутствует @major","Mobile Chrome","2026-10-06","passed","2026-10-06","CJM-04 | Форма заказа","14-order-cjm.spec.ts","",""
"","2937","TC-PAGE-13 | Несуществующий маршрут показывает 404-страницу @minor","Mobile Chrome","2026-10-06","passed","2026-10-06","Статические страницы","08-pages.spec.ts","",""
"","4373","TC-ADDR-02 | Страница /account/addresses загружается без ошибок @major","Desktop Chrome","2026-10-06","passed","2026-10-06","Адреса доставки","16-addresses.spec.ts","",""
"","1885","TC-PAGE-13 | Несуществующий маршрут показывает 404-страницу @minor","Desktop Chrome","2026-10-06","passed","2026-10-06","Статические страницы","08-pages.spec.ts","",""
"","3101","TC-CAT-04 | Карточка товара: изображение, название, цена @major","Mobile Chrome","2026-10-06","passed","2026-10-06","Каталог товаров","02-catalog.spec.ts","",""
"","366","TC-PAY-17 | Webhook с невалидной подписью отклоняется @critical","Desktop Chrome","2026-10-06","passed","2026-10-06","Платёжный flow","11-payment-flow.spec.ts","",""
"","5014","CJM-07-05 | Дублирующий клик «В корзину» не создаёт двойной позиции @major","Mobile Chrome","2026-10-06","passed","2026-10-06","CJM-07 | Edge cases и граничные сценарии","14-order-cjm.spec.ts","",""
"","2447","TC-COK-08 | Баннер зафиксирован внизу страницы (fixed position) @major","Desktop Chrome","2026-10-06","passed","2026-10-06","Cookie Consent баннер","19-cookie.spec.ts","",""
"","3103","TC-PAY-18 | Нулевая сумма заказа отклоняется @critical","Desktop Chrome","2026-10-06","passed","2026-10-06","Платёжный flow","11-payment-flow.spec.ts","",""
"","673","TC-1C-82 | Полный цикл sale import: checkauth → file → import (статус заказа) @major","Desktop Chrome","2026-10-06","passed","2026-10-06","1C CommerceML — Полный цикл интеграции","12-1c-integration.spec.ts","",""
"","6248","TC-ACC-07 | Поле выбора города работает @major","Desktop Chrome","2026-10-06","passed","2026-10-06","Личный кабинет","06-account.spec.ts","",""
"","5176","TC-ACC-05 | Форма смены пароля присутствует @major","Mobile Chrome","2026-10-06","passed","2026-10-06","Личный кабинет","06-account.spec.ts","",""
"","1623","TC-PROD-09 | Можно изменить количество товара @major","Desktop Chrome","2026-10-06","passed","2026-10-06","Страница товара","03-product.spec.ts","",""
"","4408","TC-PAY-15 | Возврат с авторизацией для несуществующего заказа возвращает 404 @critical","Mobile Chrome","2026-10-06","passed","2026-10-06","Платёжный flow","11-payment-flow.spec.ts","",""
"","216","TC-1C-21 | POST file: загрузка catalog XML возвращает success @major","Desktop Chrome","2026-10-06","passed","2026-10-06","1C CommerceML — Загрузка файлов (catalog)","12-1c-integration.spec.ts","",""
"","4267","TC-PAY-19 | Отрицательная сумма заказа отклоняется @critical","Mobile Chrome","2026-10-06","passed","2026-10-06","Платёжный flow","11-payment-flow.spec.ts","",""
"","2874","TC-PROD-05 | Кнопка «В корзину» или «Добавить в корзину» присутствует @major","Mobile Chrome","2026-10-06","passed","2026-10-06","Страница товара","03-product.spec.ts","",""
"","3679","TC-ACC-13 | Фильтр истории бонусов работает @major","Desktop Chrome","2026-10-06","passed","2026-10-06","Личный кабинет","06-account.spec.ts","",""
"","5095","ТК-20b | API /auth/user не возвращает хэш пароля @major","Desktop Chrome","2026-10-06","passed","2026-10-06","SEC-AUTH | Аутентификация","13-security-pentest.spec.ts","",""
"","4430","TC-CHK-12 | API /delivery/pickup-points требует city_code @critical","Mobile Chrome","2026-10-06","passed","2026-10-06","Оформление заказа","07-checkout.spec.ts","",""
"","2654","TC-CAT-05 | Клик на карточку открывает страницу товара @major","Desktop Chrome","2026-10-06","passed","2026-10-06","Каталог товаров","02-catalog.spec.ts","",""
"","216","TC-PAY-07 | POST /payment/{order}/refund без авторизации возвращает 401 @critical","Desktop Chrome","2026-10-06","passed","2026-10-06","Платёжный flow","11-payment-flow.spec.ts","",""
"","388","TC-PAY-01 | GET /payment/{order}/status без авторизации возвращает 401 @critical","Mobile Chrome","2026-10-06","passed","2026-10-06","Платёжный flow — защита без авторизации","11-payment-flow.spec.ts","",""
"","4279","TC-ACC-01 | Страница /account открывается @major","Desktop Chrome","2026-10-06","passed","2026-10-06","Личный кабинет","06-account.spec.ts","",""
"","4004","CJM-04-02 | Поле имени предзаполнено данными профиля @major","Mobile Chrome","2026-10-06","passed","2026-10-06","CJM-04 | Форма заказа","14-order-cjm.spec.ts","",""
"","4860","TC-HOME-09 | Клик по кнопке слайдера меняет слайд @critical","Desktop Chrome","2026-10-06","passed","2026-10-06","Главная страница","01-home.spec.ts","",""
"","2401","TC-ACC-03 | Страница личных данных загружается @major","Desktop Chrome","2026-10-06","passed","2026-10-06","Личный кабинет","06-account.spec.ts","",""
"","9082","TC-ADDR-07 | Успешное добавление адреса отображает его в списке @major","Desktop Chrome","2026-10-06","passed","2026-10-06","Адреса доставки","16-addresses.spec.ts","",""
"","1843","TC-PAGE-04 | Контактная информация (адрес, телефон) отображается @minor","Desktop Chrome","2026-10-06","passed","2026-10-06","Статические страницы","08-pages.spec.ts","",""
"","773","ТК-32 | Admin-эндпоинты без токена возвращают 401 @major","Desktop Chrome","2026-10-06","passed","2026-10-06","SEC-IDOR | Авторизация и IDOR","13-security-pentest.spec.ts","",""
"","4634","CJM-07-02 | Неавторизованный пользователь видит призыв к входу в корзине @major","Mobile Chrome","2026-10-06","passed","2026-10-06","CJM-07 | Edge cases и граничные сценарии","14-order-cjm.spec.ts","",""
"","5071","TC-CHK-08 | Способы оплаты отображаются @critical","Mobile Chrome","2026-10-06","passed","2026-10-06","Оформление заказа","07-checkout.spec.ts","",""
"","4255","TC-CHK-06 | Выбор СДЭК-курьер показывает поле адреса @critical","Mobile Chrome","2026-10-06","passed","2026-10-06","Оформление заказа","07-checkout.spec.ts","",""
"","4849","CJM-03-06 | Поле промокода присутствует в корзине @major","Mobile Chrome","2026-10-06","passed","2026-10-06","CJM-03 | Управление корзиной","14-order-cjm.spec.ts","",""
"","4742","CJM-02-03 | После добавления счётчик корзины увеличивается @major","Mobile Chrome","2026-10-06","passed","2026-10-06","CJM-02 | Добавление в корзину","14-order-cjm.spec.ts","",""
"","6451","ТК-20 | После logout сессия инвалидируется (магазин) @major","Desktop Chrome","2026-10-06","passed","2026-10-06","SEC-AUTH | Аутентификация","13-security-pentest.spec.ts","",""
"","8076","TC-SMS-04 | Кнопка ""Получить код"" присутствует в форме @major","Mobile Chrome","2026-10-06","passed","2026-10-06","SMS/OTP авторизация","18-sms-auth.spec.ts","",""
"","2506","TC-PAGE-01 | Страница контактов загружается @minor","Desktop Chrome","2026-10-06","passed","2026-10-06","Статические страницы","08-pages.spec.ts","",""
"","7112","TC-ACC-15 | Кнопка сердечко на карточке добавляет в избранное @major","Mobile Chrome","2026-10-06","passed","2026-10-06","Личный кабинет","06-account.spec.ts","",""
"","1855","TC-HOME-13 | Секция категорий отображается @critical","Desktop Chrome","2026-10-06","passed","2026-10-06","Главная страница","01-home.spec.ts","",""
"","2121","TC-CAT-02 | Отображается счётчик товаров «Показано X из Y» @major","Desktop Chrome","2026-10-06","passed","2026-10-06","Каталог товаров","02-catalog.spec.ts","",""
"","1507","TC-AUTH-04 | Вход с пустыми полями показывает ошибку @critical","Desktop Chrome","2026-10-06","passed","2026-10-06","Авторизация и регистрация","05-auth.spec.ts","",""
"","2823","TC-HOME-13 | Секция категорий отображается @critical","Mobile Chrome","2026-10-06","passed","2026-10-06","Главная страница","01-home.spec.ts","",""
"","321","TC-API-01 | GET /products возвращает 200 и список товаров @major","Mobile Chrome","2026-10-06","passed","2026-10-06","API-эндпоинты (smoke)","09-api.spec.ts","",""
"","5890","TC-SMS-03 | Форма содержит поле для ввода номера телефона @major","Desktop Chrome","2026-10-06","passed","2026-10-06","SMS/OTP авторизация","18-sms-auth.spec.ts","",""
"","4950","CJM-06-01 | Страница /account/orders загружается @major","Desktop Chrome","2026-10-06","passed","2026-10-06","CJM-06 | Статус и история заказов","14-order-cjm.spec.ts","",""
"","1815","TC-PAGE-05 | Страница доставки загружается @minor","Desktop Chrome","2026-10-06","passed","2026-10-06","Статические страницы","08-pages.spec.ts","",""
"","4035","TC-ACC-05 | Форма смены пароля присутствует @major","Desktop Chrome","2026-10-06","passed","2026-10-06","Личный кабинет","06-account.spec.ts","",""
"","2371","TC-PROD-06 | Кнопка «Избранное» (сердечко) присутствует @major","Desktop Chrome","2026-10-06","passed","2026-10-06","Страница товара","03-product.spec.ts","",""
"","6337","TC-RESP-20 | Главная страница не выбрасывает JavaScript ошибок в консоль @minor","Mobile Chrome","2026-10-06","passed","2026-10-06","Адаптивность и производительность","10-responsive.spec.ts","",""
"","8272","TC-CAT-11 | Панель фильтров открывается @major","Mobile Chrome","2026-10-06","failed","2026-10-06","Каталог товаров","02-catalog.spec.ts","",""
"","1841","TC-HOME-07 | Hero-слайдер отображается @critical","Desktop Chrome","2026-10-06","passed","2026-10-06","Главная страница","01-home.spec.ts","",""
"","5652","ТК-28 | IDOR: чужой заказ по ID недоступен (API) @major","Desktop Chrome","2026-10-06","passed","2026-10-06","SEC-IDOR | Авторизация и IDOR","13-security-pentest.spec.ts","",""
"","2290","TC-VK-02 | Кнопка ""Войти через VK"" имеет правильный текст и стиль @major","Mobile Chrome","2026-10-06","passed","2026-10-06","VK авторизация","15-vk-auth.spec.ts","",""
"","4823","TC-RAT-06 | После оценки товара не появляется ""Что-то пошло не так"" @minor","Mobile Chrome","2026-10-06","passed","2026-10-06","Schema.org разметка и рейтинг","17-schema-and-rating.spec.ts","",""
"","2962","TC-CHK-02 | Поля имени, email, телефона присутствуют @critical","Desktop Chrome","2026-10-06","passed","2026-10-06","Оформление заказа","07-checkout.spec.ts","",""
"","309","TC-API-06 | GET /products?badge=new возвращает 200 @major","Mobile Chrome","2026-10-06","passed","2026-10-06","API-эндпоинты (smoke)","09-api.spec.ts","",""
"","221","CJM-05-04 | Невалидный city_code не вызывает 500 @major","Desktop Chrome","2026-10-06","passed","2026-10-06","CJM-05 | API доставки","14-order-cjm.spec.ts","",""
"","4812","TC-PAY-04 | /payment/result без флага redirect_allowed перенаправляет @critical","Mobile Chrome","2026-10-06","passed","2026-10-06","Платёжный flow","11-payment-flow.spec.ts","",""
"","2409","TC-PROD-02 | Название товара отображается в h1 @major","Desktop Chrome","2026-10-06","passed","2026-10-06","Страница товара","03-product.spec.ts","",""
"","14431","TC-CART-01 | Пустая корзина показывает соответствующее сообщение @major","Mobile Chrome","2026-10-06","failed","2026-10-06","Корзина","04-cart.spec.ts","",""
"","463","TC-1C-31 | После import classifier: категория видна в API @major","Desktop Chrome","2026-10-06","passed","2026-10-06","1C CommerceML — Импорт каталога","12-1c-integration.spec.ts","",""
"","5072","TC-CHK-01 | Форма оформления заказа отображается после авторизации @critical","Mobile Chrome","2026-10-06","passed","2026-10-06","Оформление заказа","07-checkout.spec.ts","",""
"","5261","TC-ACC-01 | Страница /account открывается @major","Mobile Chrome","2026-10-06","passed","2026-10-06","Личный кабинет","06-account.spec.ts","",""
"","6409","CJM-04-13 | Бонусный чекбокс присутствует (если есть бонусы) @major","Desktop Chrome","2026-10-06","passed","2026-10-06","CJM-04 | Форма заказа","14-order-cjm.spec.ts","",""
"","5988","CJM-04-02 | Поле имени предзаполнено данными профиля @major","Desktop Chrome","2026-10-06","passed","2026-10-06","CJM-04 | Форма заказа","14-order-cjm.spec.ts","",""
"","214","TC-1C-27 | POST file с path traversal в filename защищён @major","Desktop Chrome","2026-10-06","passed","2026-10-06","1C CommerceML — Загрузка файлов (catalog)","12-1c-integration.spec.ts","",""
"","225","TC-API-09 | GET /categories возвращает 200 и массив @major","Desktop Chrome","2026-10-06","passed","2026-10-06","API-эндпоинты (smoke)","09-api.spec.ts","",""
"","337","TC-API-08 | GET /products?price_min=500&price_max=3000 возвращает 200 @major","Mobile Chrome","2026-10-06","passed","2026-10-06","API-эндпоинты (smoke)","09-api.spec.ts","",""
"","4826","TC-ADDR-03 | На странице есть кнопка ""Добавить адрес"" @major","Mobile Chrome","2026-10-06","passed","2026-10-06","Адреса доставки","16-addresses.spec.ts","",""
"","2300","TC-CAT-03 | Пагинация — кнопка «Показать ещё» загружает следующую страницу @major","Mobile Chrome","2026-10-06","passed","2026-10-06","Каталог товаров","02-catalog.spec.ts","",""
"","215","ТК-65b | 500 ошибка не раскрывает stack trace @major","Desktop Chrome","2026-10-06","passed","2026-10-06","SEC-INFRA | Инфраструктура","13-security-pentest.spec.ts","",""
"","6476","TC-HOME-14 | Ссылка «В каталог» ведёт на /catalog @critical","Mobile Chrome","2026-10-06","passed","2026-10-06","Главная страница","01-home.spec.ts","",""
"","6400","CJM-04-08 | Выбор СДЭК-курьер показывает поле адреса @major","Desktop Chrome","2026-10-06","passed","2026-10-06","CJM-04 | Форма заказа","14-order-cjm.spec.ts","",""
"","1928","TC-HOME-04 | Иконка корзины видна в хедере @critical","Desktop Chrome","2026-10-06","passed","2026-10-06","Главная страница","01-home.spec.ts","",""
"","1848","TC-CAT-14 | Фильтр по цене — параметры price_min/price_max сохраняются в URL @major","Desktop Chrome","2026-10-06","passed","2026-10-06","Каталог товаров","02-catalog.spec.ts","",""
"","5535","TC-ACC-17 | Страница абонементов загружается @major","Mobile Chrome","2026-10-06","passed","2026-10-06","Личный кабинет","06-account.spec.ts","",""
"","3220","TC-PROD-11 | Добавление в корзину меняет счётчик корзины в хедере @major","Desktop Chrome","2026-10-06","passed","2026-10-06","Страница товара","03-product.spec.ts","",""
"","9083","TC-1C-70 | Throttle: 120+ запросов в минуту возвращает 429 @major","Desktop Chrome","2026-10-06","passed","2026-10-06","1C CommerceML — Безопасность","12-1c-integration.spec.ts","",""
"","3612","TC-PAY-02 | /payment/result без order_id перенаправляет или не крашится @critical","Desktop Chrome","2026-10-06","passed","2026-10-06","Платёжный flow","11-payment-flow.spec.ts","",""
"","4207","TC-CHK-05 | Выбор «Самовывоз» не требует адреса @critical","Mobile Chrome","2026-10-06","passed","2026-10-06","Оформление заказа","07-checkout.spec.ts","",""
"","4495","TC-COK-01 | Cookie баннер отображается при первом посещении (нет localStorage cookie_consent) @major","Mobile Chrome","2026-10-06","passed","2026-10-06","Cookie Consent баннер","19-cookie.spec.ts","",""
"","6129","TC-ADDR-08 | Кнопка ""Редактировать"" открывает форму с заполненными данными @major","Mobile Chrome","2026-10-06","passed","2026-10-06","Адреса доставки","16-addresses.spec.ts","",""
"","2140","TC-HOME-05 | Футер отображается @critical","Desktop Chrome","2026-10-06","passed","2026-10-06","Главная страница","01-home.spec.ts","",""
"","438","TC-1C-58 | import order status (text ""В пути"") не вызывает 500 @major","Desktop Chrome","2026-10-06","passed","2026-10-06","1C CommerceML — Обмен заказами (sale)","12-1c-integration.spec.ts","",""
"","200","ТК-56 | Мутирующие запросы требуют CSRF-токен @major","Desktop Chrome","2026-10-06","passed","2026-10-06","SEC-CSRF | CSRF защита","13-security-pentest.spec.ts","",""
"","5871","CJM-04-03 | Поле телефона принимает российский формат @major","Desktop Chrome","2026-10-06","passed","2026-10-06","CJM-04 | Форма заказа","14-order-cjm.spec.ts","",""
"","5393","CJM-03-04 | Удаление товара из корзины работает @major","Mobile Chrome","2026-10-06","passed","2026-10-06","CJM-03 | Управление корзиной","14-order-cjm.spec.ts","",""
"","2627","CJM-02-05 | Корзина: иконка в хедере — быстрый переход на /cart @major","Mobile Chrome","2026-10-06","passed","2026-10-06","CJM-02 | Добавление в корзину","14-order-cjm.spec.ts","",""
"","4130","TC-CHK-04 | Способы доставки отображаются @critical","Desktop Chrome","2026-10-06","passed","2026-10-06","Оформление заказа","07-checkout.spec.ts","",""
"","452","TC-API-01 | GET /products возвращает 200 и список товаров @major","Desktop Chrome","2026-10-06","passed","2026-10-06","API-эндпоинты (smoke)","09-api.spec.ts","",""
"","2988","TC-HOME-18 | Страница не показывает «Что-то пошло не так» @critical","Mobile Chrome","2026-10-06","passed","2026-10-06","Главная страница","01-home.spec.ts","",""
"","3163","TC-PAY-15 | Возврат с авторизацией для несуществующего заказа возвращает 404 @critical","Desktop Chrome","2026-10-06","passed","2026-10-06","Платёжный flow","11-payment-flow.spec.ts","",""
"","1457","TC-VK-02 | Кнопка ""Войти через VK"" имеет правильный текст и стиль @major","Desktop Chrome","2026-10-06","passed","2026-10-06","VK авторизация","15-vk-auth.spec.ts","",""
"","1977","TC-CAT-15 | Дропдаун сортировки присутствует @major","Desktop Chrome","2026-10-06","passed","2026-10-06","Каталог товаров","02-catalog.spec.ts","",""
"","3557","CJM-07-01 | Пустая корзина не позволяет перейти к оформлению @major","Mobile Chrome","2026-10-06","passed","2026-10-06","CJM-07 | Edge cases и граничные сценарии","14-order-cjm.spec.ts","",""
"","2770","TC-CAT-16 | Сортировка по цене (возрастание) через URL @major","Desktop Chrome","2026-10-06","passed","2026-10-06","Каталог товаров","02-catalog.spec.ts","",""
"","132","ТК-04 | .git/config не доступен на backend @major","Desktop Chrome","2026-10-06","passed","2026-10-06","SEC-RECON | Разведка и поверхность атаки","13-security-pentest.spec.ts","",""
"","2953","TC-AUTH-03 | Auth-модал закрывается кликом на оверлей @critical","Mobile Chrome","2026-10-06","passed","2026-10-06","Авторизация и регистрация","05-auth.spec.ts","",""
"","2062","TC-PROD-08 | Выбор опции обновляет цену или доступность @major","Mobile Chrome","2026-10-06","passed","2026-10-06","Страница товара","03-product.spec.ts","",""
"","6329","TC-RAT-06 | После оценки товара не появляется ""Что-то пошло не так"" @minor","Desktop Chrome","2026-10-06","passed","2026-10-06","Schema.org разметка и рейтинг","17-schema-and-rating.spec.ts","",""
"","787","TC-1C-34 | import offers создаёт варианты товара @major","Desktop Chrome","2026-10-06","passed","2026-10-06","1C CommerceML — Импорт каталога","12-1c-integration.spec.ts","",""
"","5827","CJM-04-11 | Поле комментария к заказу присутствует @major","Desktop Chrome","2026-10-06","passed","2026-10-06","CJM-04 | Форма заказа","14-order-cjm.spec.ts","",""
"","5024","TC-RAT-04 | В заказах отображается блок оценки товара (если есть заказы) @minor","Mobile Chrome","2026-10-06","passed","2026-10-06","Schema.org разметка и рейтинг","17-schema-and-rating.spec.ts","",""
"","2531","TC-COK-04 | Баннер содержит ссылку на политику конфиденциальности @major","Desktop Chrome","2026-10-06","passed","2026-10-06","Cookie Consent баннер","19-cookie.spec.ts","",""
"","980","TC-PAY-06b | Перебор order ID недоступен без авторизации @critical","Desktop Chrome","2026-10-06","passed","2026-10-06","Платёжный flow — защита без авторизации","11-payment-flow.spec.ts","",""
"","6190","CJM-03-04 | Удаление товара из корзины работает @major","Desktop Chrome","2026-10-06","passed","2026-10-06","CJM-03 | Управление корзиной","14-order-cjm.spec.ts","",""
"","3081","TC-PAY-22 | /account/orders показывает статус оплаты заказов @critical","Mobile Chrome","2026-10-06","passed","2026-10-06","Платёжный flow","11-payment-flow.spec.ts","",""
"","1841","TC-PAGE-08 | Страница оплаты загружается @minor","Desktop Chrome","2026-10-06","passed","2026-10-06","Статические страницы","08-pages.spec.ts","",""
"","4022","CJM-04-07 | Выбор самовывоза скрывает поле адреса @major","Mobile Chrome","2026-10-06","passed","2026-10-06","CJM-04 | Форма заказа","14-order-cjm.spec.ts","",""
"","4887","ТК-29 | IDOR: изменение чужого профиля заблокировано @major","Desktop Chrome","2026-10-06","passed","2026-10-06","SEC-IDOR | Авторизация и IDOR","13-security-pentest.spec.ts","",""
"","2419","TC-CAT-07 | URL-параметр search сохраняется при переходе @major","Mobile Chrome","2026-10-06","passed","2026-10-06","Каталог товаров","02-catalog.spec.ts","",""
"","155","ТК-12 | HSTS заголовок присутствует на prod shop @major","Desktop Chrome","2026-10-06","passed","2026-10-06","SEC-RECON | Разведка и поверхность атаки","13-security-pentest.spec.ts","",""
"","1705","TC-CAT-22 | Скелетон-плейсхолдер показывается при загрузке @major","Desktop Chrome","2026-10-06","passed","2026-10-06","Каталог товаров","02-catalog.spec.ts","",""
"","4426","TC-CAT-06 | Поиск по запросу показывает результаты @major","Mobile Chrome","2026-10-06","passed","2026-10-06","Каталог товаров","02-catalog.spec.ts","",""
"","6400","CJM-03-01 | Страница корзины отображает добавленный товар @major","Desktop Chrome","2026-10-06","passed","2026-10-06","CJM-03 | Управление корзиной","14-order-cjm.spec.ts","",""
"","5364","TC-CART-09 | Неавторизованный пользователь видит форму входа в корзине @major","Mobile Chrome","2026-10-06","passed","2026-10-06","Корзина","04-cart.spec.ts","",""
"","5289","TC-VK-05 | Страница /auth/vk/callback с невалидным code показывает сообщение об ошибке @major","Mobile Chrome","2026-10-06","passed","2026-10-06","VK авторизация","15-vk-auth.spec.ts","",""
"","1923","TC-PAGE-12 | Страница возвратов загружается @minor","Desktop Chrome","2026-10-06","passed","2026-10-06","Статические страницы","08-pages.spec.ts","",""
"","8125","TC-SMS-09 | Ввод неверного кода показывает ошибку (mock 422 от verify-otp) @major","Desktop Chrome","2026-10-06","passed","2026-10-06","SMS/OTP авторизация","18-sms-auth.spec.ts","",""
"","2828","TC-CAT-22 | Скелетон-плейсхолдер показывается при загрузке @major","Mobile Chrome","2026-10-06","passed","2026-10-06","Каталог товаров","02-catalog.spec.ts","",""
"","4655","TC-CAT-12 | Фильтр по badge=new работает через URL @major","Mobile Chrome","2026-10-06","passed","2026-10-06","Каталог товаров","02-catalog.spec.ts","",""
"","7980","TC-SMS-07 | Отображается countdown таймер (60 секунд) @major","Mobile Chrome","2026-10-06","passed","2026-10-06","SMS/OTP авторизация","18-sms-auth.spec.ts","",""
"","5612","TC-AUTH-10 | /payment/result перенаправляет без авторизации @critical","Mobile Chrome","2026-10-06","passed","2026-10-06","Авторизация и регистрация","05-auth.spec.ts","",""
"","3913","TC-HOME-06 | Футер содержит контактную информацию @critical","Mobile Chrome","2026-10-06","passed","2026-10-06","Главная страница","01-home.spec.ts","",""
"","2047","TC-PAY-05 | PaymentRedirectOverlay не отображается на каталоге @critical","Mobile Chrome","2026-10-06","passed","2026-10-06","Платёжный flow","11-payment-flow.spec.ts","",""
