"DESCRIPTION","DURATION IN MS","NAME","PARENT SUITE","START TIME","STATUS","STOP TIME","SUB SUITE","SUITE","TEST CLASS","TEST METHOD"
"","3614","TC-ACC-03 | Страница личных данных загружается @major","Mobile Chrome","2026-10-01","passed","2026-10-01","Личный кабинет","06-account.spec.ts","",""
"","2293","TC-HOME-17 | Тег <title> не пустой @critical","Mobile Chrome","2026-10-01","passed","2026-10-01","Главная страница","01-home.spec.ts","",""
"","4771","TC-PAY-10 | /payment/result показывает статус успешной оплаты (success сценарий) @critical","Desktop Chrome","2026-10-01","passed","2026-10-01","Платёжный flow","11-payment-flow.spec.ts","",""
"","4376","TC-CART-03 | Счётчик в хедере обновляется при добавлении @major","Desktop Chrome","2026-10-01","failed","2026-10-01","Корзина","04-cart.spec.ts","",""
"","4231","TC-CHK-06 | Выбор СДЭК-курьер показывает поле адреса @critical","Desktop Chrome","2026-10-01","passed","2026-10-01","Оформление заказа","07-checkout.spec.ts","",""
"","248","TC-1C-52 | query (type=catalog) возвращает failure или XML (не 500) @major","Desktop Chrome","2026-10-01","passed","2026-10-01","1C CommerceML — Обмен заказами (sale)","12-1c-integration.spec.ts","",""
"","796","TC-API-21 | Все API-ответы имеют Content-Type: application/json @major","Desktop Chrome","2026-10-01","passed","2026-10-01","API-эндпоинты (smoke)","09-api.spec.ts","",""
"","499","TC-1C-57 | import order status (letter code) не вызывает 500 @major","Desktop Chrome","2026-10-01","passed","2026-10-01","1C CommerceML — Обмен заказами (sale)","12-1c-integration.spec.ts","",""
"","5431","TC-COK-09 | Баннер корректно отображается на мобильном @major","Mobile Chrome","2026-10-01","passed","2026-10-01","Cookie Consent баннер","19-cookie.spec.ts","",""
"","3208","TC-CHK-11 | API /delivery/cities возвращает список городов @critical","Desktop Chrome","2026-10-01","passed","2026-10-01","Оформление заказа","07-checkout.spec.ts","",""
"","6460","TC-SMS-06 | После отправки кода появляется поле для ввода OTP @major","Mobile Chrome","2026-10-01","passed","2026-10-01","SMS/OTP авторизация","18-sms-auth.spec.ts","",""
"","4612","CJM-07-04 | Очень большое количество товара ограничивается @major","Mobile Chrome","2026-10-01","passed","2026-10-01","CJM-07 | Edge cases и граничные сценарии","14-order-cjm.spec.ts","",""
"","6644","CJM-04-11 | Поле комментария к заказу присутствует @major","Desktop Chrome","2026-10-01","passed","2026-10-01","CJM-04 | Форма заказа","14-order-cjm.spec.ts","",""
"","8032","CJM-03-03 | Кнопка «−» уменьшает количество @major","Mobile Chrome","2026-10-01","passed","2026-10-01","CJM-03 | Управление корзиной","14-order-cjm.spec.ts","",""
"","1122","TC-1C-35 | import prices обновляет цены вариантов @major","Desktop Chrome","2026-10-01","passed","2026-10-01","1C CommerceML — Импорт каталога","12-1c-integration.spec.ts","",""
"","6243","ТК-51 | Stored XSS: имя пользователя экранируется при отображении @major","Desktop Chrome","2026-10-01","passed","2026-10-01","SEC-INJECT | Инъекции","13-security-pentest.spec.ts","",""
"","214","TC-API-18 | POST /checkout без авторизации возвращает 401 @major","Mobile Chrome","2026-10-01","passed","2026-10-01","API-эндпоинты (smoke)","09-api.spec.ts","",""
"","5319","TC-COK-05 | Клик ""Принять"" скрывает баннер @major","Desktop Chrome","2026-10-01","passed","2026-10-01","Cookie Consent баннер","19-cookie.spec.ts","",""
"","8230","TC-RAT-05 | Клик на звезду (puck) в оценке не вызывает критическую ошибку @minor","Desktop Chrome","2026-10-01","passed","2026-10-01","Schema.org разметка и рейтинг","17-schema-and-rating.spec.ts","",""
"","1939","CJM-07-03 | Несуществующий slug продукта показывает 404, а не 500 @major","Desktop Chrome","2026-10-01","passed","2026-10-01","CJM-07 | Edge cases и граничные сценарии","14-order-cjm.spec.ts","",""
"","197","ТК-04 | .git/config не доступен на backend @major","Desktop Chrome","2026-10-01","passed","2026-10-01","SEC-RECON | Разведка и поверхность атаки","13-security-pentest.spec.ts","",""
"","6138","TC-HOME-09 | Клик по кнопке слайдера меняет слайд @critical","Mobile Chrome","2026-10-01","passed","2026-10-01","Главная страница","01-home.spec.ts","",""
"","247","TC-API-15 | POST /delivery/calculate с корректными данными возвращает 200 @major","Desktop Chrome","2026-10-01","passed","2026-10-01","API-эндпоинты (smoke)","09-api.spec.ts","",""
"","3396","TC-ADDR-11 | Кнопка ""Выйти со всех устройств"" присутствует в профиле @major","Mobile Chrome","2026-10-01","passed","2026-10-01","Адреса доставки","16-addresses.spec.ts","",""
"","315","TC-API-01 | GET /products возвращает 200 и список товаров @major","Desktop Chrome","2026-10-01","passed","2026-10-01","API-эндпоинты (smoke)","09-api.spec.ts","",""
"","2019","ТК-49 | SQL Injection в поиске товаров не вызывает 500 @major","Desktop Chrome","2026-10-01","passed","2026-10-01","SEC-INJECT | Инъекции","13-security-pentest.spec.ts","",""
"","8216","TC-ADDR-09 | Кнопка ""Удалить"" удаляет адрес из списка @major","Desktop Chrome","2026-10-01","passed","2026-10-01","Адреса доставки","16-addresses.spec.ts","",""
"","2304","CJM-01-02 | Поиск по названию сужает список товаров @major","Mobile Chrome","2026-10-01","passed","2026-10-01","CJM-01 | Обнаружение товара","14-order-cjm.spec.ts","",""
"","2762","TC-CAT-06 | Поиск по запросу показывает результаты @major","Mobile Chrome","2026-10-01","passed","2026-10-01","Каталог товаров","02-catalog.spec.ts","",""
"","3413","TC-PAY-08 | GET /payment/{order}/status с авторизацией возвращает статус @critical","Desktop Chrome","2026-10-01","passed","2026-10-01","Платёжный flow","11-payment-flow.spec.ts","",""
"","387","TC-API-03 | GET /products?sort=price_asc возвращает 200 @major","Desktop Chrome","2026-10-01","passed","2026-10-01","API-эндпоинты (smoke)","09-api.spec.ts","",""
"","242","TC-PAY-01 | GET /payment/{order}/status без авторизации возвращает 401 @critical","Mobile Chrome","2026-10-01","passed","2026-10-01","Платёжный flow — защита без авторизации","11-payment-flow.spec.ts","",""
"","6277","TC-SMS-11 | Переключатель ""По паролю"" возвращает обычную форму @major","Desktop Chrome","2026-10-01","passed","2026-10-01","SMS/OTP авторизация","18-sms-auth.spec.ts","",""
"","2229","TC-PROD-07 | Если у товара есть опции (размеры), они отображаются @major","Mobile Chrome","2026-10-01","passed","2026-10-01","Страница товара","03-product.spec.ts","",""
"","392","TC-API-23 | GET /products?search=SQL-injection не роняет сервер @major","Desktop Chrome","2026-10-01","passed","2026-10-01","API-эндпоинты (smoke)","09-api.spec.ts","",""
"","9452","TC-SMS-06 | После отправки кода появляется поле для ввода OTP @major","Desktop Chrome","2026-10-01","passed","2026-10-01","SMS/OTP авторизация","18-sms-auth.spec.ts","",""
"","7440","CJM-04-06 | Способы доставки отображаются @major","Desktop Chrome","2026-10-01","passed","2026-10-01","CJM-04 | Форма заказа","14-order-cjm.spec.ts","",""
"","1862","TC-PAGE-04 | Контактная информация (адрес, телефон) отображается @minor","Mobile Chrome","2026-10-01","passed","2026-10-01","Статические страницы","08-pages.spec.ts","",""
"","4852","TC-ACC-01 | Страница /account открывается @major","Desktop Chrome","2026-10-01","passed","2026-10-01","Личный кабинет","06-account.spec.ts","",""
"","2010","TC-HOME-13 | Секция категорий отображается @critical","Desktop Chrome","2026-10-01","passed","2026-10-01","Главная страница","01-home.spec.ts","",""
"","246","TC-1C-06 | checkauth с неизвестным type возвращает failure @major","Desktop Chrome","2026-10-01","passed","2026-10-01","1C CommerceML — Аутентификация","12-1c-integration.spec.ts","",""
"","2195","TC-HOME-02 | Логотип ХК Торпедо отображается в хедере @critical","Desktop Chrome","2026-10-01","passed","2026-10-01","Главная страница","01-home.spec.ts","",""
"","11760","CJM-03-07 | Кнопка «Оформить заказ» ведёт на checkout @major","Desktop Chrome","2026-10-01","passed","2026-10-01","CJM-03 | Управление корзиной","14-order-cjm.spec.ts","",""
"","2265","TC-PROD-03 | Цена товара отображается @major","Mobile Chrome","2026-10-01","passed","2026-10-01","Страница товара","03-product.spec.ts","",""
"","1479","TC-PAGE-09 | Страница оплаты содержит информацию о способах оплаты @minor","Mobile Chrome","2026-10-01","passed","2026-10-01","Статические страницы","08-pages.spec.ts","",""
"","3055","CJM-04-04 | Телефон с +7 форматируется корректно @major","Mobile Chrome","2026-10-01","passed","2026-10-01","CJM-04 | Форма заказа","14-order-cjm.spec.ts","",""
"","1825","TC-CAT-03 | Пагинация — кнопка «Показать ещё» загружает следующую страницу @major","Mobile Chrome","2026-10-01","passed","2026-10-01","Каталог товаров","02-catalog.spec.ts","",""
"","3453","CJM-06-01 | Страница /account/orders загружается @major","Mobile Chrome","2026-10-01","passed","2026-10-01","CJM-06 | Статус и история заказов","14-order-cjm.spec.ts","",""
"","3793","TC-ACC-01 | Страница /account открывается @major","Mobile Chrome","2026-10-01","passed","2026-10-01","Личный кабинет","06-account.spec.ts","",""
"","3862","TC-CAT-19 | Переход в категорию через URL работает @major","Desktop Chrome","2026-10-01","passed","2026-10-01","Каталог товаров","02-catalog.spec.ts","",""
"","2292","TC-ADDR-01 | Пункт ""Адреса доставки"" есть в меню личного кабинета @major","Mobile Chrome","2026-10-01","passed","2026-10-01","Адреса доставки","16-addresses.spec.ts","",""
"","1532","TC-1C-37 | После import rests: вариант с stock=0 has is_available=false @major","Desktop Chrome","2026-10-01","passed","2026-10-01","1C CommerceML — Импорт каталога","12-1c-integration.spec.ts","",""
"","7977","CJM-07-06 | Переход к оплате с неверными данными показывает валидацию @major","Mobile Chrome","2026-10-01","passed","2026-10-01","CJM-07 | Edge cases и граничные сценарии","14-order-cjm.spec.ts","",""
"","4371","TC-CHK-02 | Поля имени, email, телефона присутствуют @critical","Desktop Chrome","2026-10-01","passed","2026-10-01","Оформление заказа","07-checkout.spec.ts","",""
"","3481","TC-HOME-06 | Футер содержит контактную информацию @critical","Mobile Chrome","2026-10-01","passed","2026-10-01","Главная страница","01-home.spec.ts","",""
"","7466","CJM-02-02 | Добавление товара в корзину не вызывает ошибку @major","Desktop Chrome","2026-10-01","passed","2026-10-01","CJM-02 | Добавление в корзину","14-order-cjm.spec.ts","",""
"","3859","TC-CART-09 | Неавторизованный пользователь видит форму входа в корзине @major","Mobile Chrome","2026-10-01","passed","2026-10-01","Корзина","04-cart.spec.ts","",""
"","4972","TC-HOME-08 | Кнопки навигации слайдера присутствуют @critical","Desktop Chrome","2026-10-01","passed","2026-10-01","Главная страница","01-home.spec.ts","",""
"","4449","TC-ADDR-10 | Страница не падает с ""Что-то пошло не так"" @major","Mobile Chrome","2026-10-01","passed","2026-10-01","Адреса доставки","16-addresses.spec.ts","",""
"","2231","ТК-67 | Cookie laravel_session имеет флаги Secure и HttpOnly @major","Desktop Chrome","2026-10-01","passed","2026-10-01","SEC-AUTH | Аутентификация","13-security-pentest.spec.ts","",""
"","5521","TC-AUTH-09 | /account/orders перенаправляет на логин без авторизации @critical","Desktop Chrome","2026-10-01","passed","2026-10-01","Авторизация и регистрация","05-auth.spec.ts","",""
"","2529","TC-HOME-15 | На мобиле хамбургер-кнопка видна @critical","Mobile Chrome","2026-10-01","passed","2026-10-01","Главная страница","01-home.spec.ts","",""
"","343","TC-API-14 | GET /delivery/cities возвращает 200 @major","Desktop Chrome","2026-10-01","passed","2026-10-01","API-эндпоинты (smoke)","09-api.spec.ts","",""
"","5797","ТК-33 | Shop-токен не даёт доступ к admin-эндпоинтам @major","Desktop Chrome","2026-10-01","passed","2026-10-01","SEC-IDOR | Авторизация и IDOR","13-security-pentest.spec.ts","",""
"","372","TC-API-11 | GET /products/nonexistent-slug возвращает 404 @major","Desktop Chrome","2026-10-01","passed","2026-10-01","API-эндпоинты (smoke)","09-api.spec.ts","",""
"","3626","TC-ACC-16 | Страница билетов загружается @major","Mobile Chrome","2026-10-01","passed","2026-10-01","Личный кабинет","06-account.spec.ts","",""
"","6337","TC-ACC-15 | Кнопка сердечко на карточке добавляет в избранное @major","Desktop Chrome","2026-10-01","passed","2026-10-01","Личный кабинет","06-account.spec.ts","",""
"","210","TC-API-23 | GET /products?search=SQL-injection не роняет сервер @major","Mobile Chrome","2026-10-01","passed","2026-10-01","API-эндпоинты (smoke)","09-api.spec.ts","",""
"","4436","TC-PAY-12 | /payment/result неавторизованный перенаправляется на вход @critical","Mobile Chrome","2026-10-01","passed","2026-10-01","Платёжный flow","11-payment-flow.spec.ts","",""
"","1613","TC-PROD-15 | Несуществующий slug не роняет приложение @major","Mobile Chrome","2026-10-01","passed","2026-10-01","Страница товара","03-product.spec.ts","",""
"","7402","TC-ACC-06 | Смена пароля — несовпадающие пароли дают ошибку @major","Desktop Chrome","2026-10-01","passed","2026-10-01","Личный кабинет","06-account.spec.ts","",""
"","2443","TC-HOME-10 | Секция популярных / хитовых товаров загружается @critical","Mobile Chrome","2026-10-01","passed","2026-10-01","Главная страница","01-home.spec.ts","",""
"","6110","TC-CHK-13 | Итоговая сумма обновляется при выборе доставки @critical","Desktop Chrome","2026-10-01","passed","2026-10-01","Оформление заказа","07-checkout.spec.ts","",""
"","496","TC-1C-58 | import order status (text ""В пути"") не вызывает 500 @major","Desktop Chrome","2026-10-01","passed","2026-10-01","1C CommerceML — Обмен заказами (sale)","12-1c-integration.spec.ts","",""
"","3264","TC-RAT-03 | Среднее значение рейтинга числовое (если отображается) @minor","Desktop Chrome","2026-10-01","passed","2026-10-01","Schema.org разметка и рейтинг","17-schema-and-rating.spec.ts","",""
"","1878","TC-PAGE-14 | 404-страница содержит ссылку на главную @minor","Desktop Chrome","2026-10-01","passed","2026-10-01","Статические страницы","08-pages.spec.ts","",""
"","207","TC-API-20 | POST /shop/ratings без авторизации возвращает 401 @major","Mobile Chrome","2026-10-01","passed","2026-10-01","API-эндпоинты (smoke)","09-api.spec.ts","",""
"","7453","CJM-04-09 | Способы оплаты отображаются @major","Desktop Chrome","2026-10-01","passed","2026-10-01","CJM-04 | Форма заказа","14-order-cjm.spec.ts","",""
"","4469","TC-SCH-03 | Schema содержит name, price, priceCurrency @minor","Desktop Chrome","2026-10-01","failed","2026-10-01","Schema.org разметка и рейтинг","17-schema-and-rating.spec.ts","",""
"","1596","TC-VK-07 | VK кнопка отображается и на мобильном viewport @major","Mobile Chrome","2026-10-01","passed","2026-10-01","VK авторизация","15-vk-auth.spec.ts","",""
"","5711","TC-SMS-01 | Переключатель ""Войти по SMS"" присутствует в форме авторизации @major","Desktop Chrome","2026-10-01","passed","2026-10-01","SMS/OTP авторизация","18-sms-auth.spec.ts","",""
"","4051","TC-ACC-13 | Фильтр истории бонусов работает @major","Mobile Chrome","2026-10-01","passed","2026-10-01","Личный кабинет","06-account.spec.ts","",""
"","347","TC-PAY-14 | POST /payment/{order}/refund для несуществующего заказа возвращает 401/404 @critical","Desktop Chrome","2026-10-01","passed","2026-10-01","Платёжный flow","11-payment-flow.spec.ts","",""
"","2971","ТК-67b | XSRF-TOKEN cookie имеет флаг Secure @major","Desktop Chrome","2026-10-01","passed","2026-10-01","SEC-AUTH | Аутентификация","13-security-pentest.spec.ts","",""
"","1860","TC-PAGE-13 | Несуществующий маршрут показывает 404-страницу @minor","Mobile Chrome","2026-10-01","passed","2026-10-01","Статические страницы","08-pages.spec.ts","",""
"","4140","TC-ACC-09 | Список заказов содержит контент @major","Desktop Chrome","2026-10-01","passed","2026-10-01","Личный кабинет","06-account.spec.ts","",""
"","4052","TC-ACC-12 | Баланс бонусов отображается числом @major","Desktop Chrome","2026-10-01","passed","2026-10-01","Личный кабинет","06-account.spec.ts","",""
"","893","ТК-50 | SQL Injection в параметре sort не вызывает 500 @major","Desktop Chrome","2026-10-01","passed","2026-10-01","SEC-INJECT | Инъекции","13-security-pentest.spec.ts","",""
"","4738","TC-CHK-13 | Итоговая сумма обновляется при выборе доставки @critical","Mobile Chrome","2026-10-01","passed","2026-10-01","Оформление заказа","07-checkout.spec.ts","",""
"","246","TC-1C-05 | checkauth для type=sale возвращает success @major","Desktop Chrome","2026-10-01","passed","2026-10-01","1C CommerceML — Аутентификация","12-1c-integration.spec.ts","",""
"","2664","TC-CAT-18 | Сортировка по названию через URL @major","Mobile Chrome","2026-10-01","passed","2026-10-01","Каталог товаров","02-catalog.spec.ts","",""
"","2078","TC-VK-02 | Кнопка ""Войти через VK"" имеет правильный текст и стиль @major","Desktop Chrome","2026-10-01","passed","2026-10-01","VK авторизация","15-vk-auth.spec.ts","",""
"","3857","TC-RESP-40 | ScrollToTop при переходе между страницами @minor","Mobile Chrome","2026-10-01","passed","2026-10-01","Адаптивность и производительность","10-responsive.spec.ts","",""
"","1654","TC-PROD-13 | QuickView-модал закрывается по Escape @major","Mobile Chrome","2026-10-01","passed","2026-10-01","Страница товара","03-product.spec.ts","",""
"","1526","ТК-05 | Laravel /_ignition закрыт на backend @major","Desktop Chrome","2026-10-01","failed","2026-10-01","SEC-RECON | Разведка и поверхность атаки","13-security-pentest.spec.ts","",""
"","186","TC-API-16 | GET /me без авторизации возвращает 401 @major","Mobile Chrome","2026-10-01","passed","2026-10-01","API-эндпоинты (smoke)","09-api.spec.ts","",""
"","1828","TC-CAT-23 | На мобиле каталог отображается без горизонтального скролла @major","Mobile Chrome","2026-10-01","passed","2026-10-01","Каталог товаров","02-catalog.spec.ts","",""
"","4530","TC-RESP-21 | Каталог не выбрасывает JavaScript ошибок в консоль @minor","Mobile Chrome","2026-10-01","passed","2026-10-01","Адаптивность и производительность","10-responsive.spec.ts","",""
"","2969","TC-PAGE-02 | На странице контактов отображается карта @minor","Desktop Chrome","2026-10-01","passed","2026-10-01","Статические страницы","08-pages.spec.ts","",""
"","2420","CJM-02-04 | Корзина сохраняется при переходе на другую страницу @major","Mobile Chrome","2026-10-01","passed","2026-10-01","CJM-02 | Добавление в корзину","14-order-cjm.spec.ts","",""
"","6556","ТК-42 | Отрицательное/нулевое quantity в заказе отклоняется @major","Desktop Chrome","2026-10-01","passed","2026-10-01","SEC-BIZ | Бизнес-логика","13-security-pentest.spec.ts","",""
"","4745","TC-VK-04 | Страница /auth/vk/callback без code показывает ошибку или редиректит @major","Desktop Chrome","2026-10-01","passed","2026-10-01","VK авторизация","15-vk-auth.spec.ts","",""
"","344","ТК-56 | Мутирующие запросы требуют CSRF-токен @major","Desktop Chrome","2026-10-01","passed","2026-10-01","SEC-CSRF | CSRF защита","13-security-pentest.spec.ts","",""
"","197","CJM-06-04 | API GET /shop/orders требует авторизации @major","Mobile Chrome","2026-10-01","passed","2026-10-01","CJM-06 | Статус и история заказов","14-order-cjm.spec.ts","",""
"","6390","CJM-06-01 | Страница /account/orders загружается @major","Desktop Chrome","2026-10-01","passed","2026-10-01","CJM-06 | Статус и история заказов","14-order-cjm.spec.ts","",""
"","3612","TC-SCH-01 | Страница товара содержит JSON-LD schema script @minor","Mobile Chrome","2026-10-01","passed","2026-10-01","Schema.org разметка и рейтинг","17-schema-and-rating.spec.ts","",""
"","7979","CJM-03-01 | Страница корзины отображает добавленный товар @major","Mobile Chrome","2026-10-01","passed","2026-10-01","CJM-03 | Управление корзиной","14-order-cjm.spec.ts","",""
"","1534","TC-AUTH-07 | После 5 неверных попыток входа показывается блокировка @critical","Mobile Chrome","2026-10-01","passed","2026-10-01","Авторизация и регистрация","05-auth.spec.ts","",""
"","3731","TC-PAY-15 | Возврат с авторизацией для несуществующего заказа возвращает 404 @critical","Desktop Chrome","2026-10-01","passed","2026-10-01","Платёжный flow","11-payment-flow.spec.ts","",""
"","1956","TC-PAY-05 | PaymentRedirectOverlay не отображается на каталоге @critical","Mobile Chrome","2026-10-01","passed","2026-10-01","Платёжный flow","11-payment-flow.spec.ts","",""
"","5396","TC-ACC-15 | Кнопка сердечко на карточке добавляет в избранное @major","Mobile Chrome","2026-10-01","passed","2026-10-01","Личный кабинет","06-account.spec.ts","",""
"","2517","TC-PAGE-06 | Страница доставки содержит информацию о СДЭК @minor","Desktop Chrome","2026-10-01","passed","2026-10-01","Статические страницы","08-pages.spec.ts","",""
"","3562","TC-1C-74 | Файл > file_limit отклоняется @major","Desktop Chrome","2026-10-01","passed","2026-10-01","1C CommerceML — Безопасность","12-1c-integration.spec.ts","",""
"","7320","CJM-07-05 | Дублирующий клик «В корзину» не создаёт двойной позиции @major","Mobile Chrome","2026-10-01","passed","2026-10-01","CJM-07 | Edge cases и граничные сценарии","14-order-cjm.spec.ts","",""
"","1837","TC-CAT-21 | Карточки с badge показывают метку (NEW/SALE/HIT) @major","Mobile Chrome","2026-10-01","passed","2026-10-01","Каталог товаров","02-catalog.spec.ts","",""
"","1949","TC-AUTH-05 | Неверные учётные данные показывают сообщение об ошибке @critical","Desktop Chrome","2026-10-01","passed","2026-10-01","Авторизация и регистрация","05-auth.spec.ts","",""
"","6817","TC-PROD-11 | Добавление в корзину меняет счётчик корзины в хедере @major","Mobile Chrome","2026-10-01","passed","2026-10-01","Страница товара","03-product.spec.ts","",""
"","437","TC-API-03 | GET /products?sort=price_asc возвращает 200 @major","Mobile Chrome","2026-10-01","passed","2026-10-01","API-эндпоинты (smoke)","09-api.spec.ts","",""
"","3463","TC-HOME-01 | Страница загружается без ошибок (200) @critical","Desktop Chrome","2026-10-01","passed","2026-10-01","Главная страница","01-home.spec.ts","",""
"","303","CJM-05-03 | СДЭК: поиск города «Нижний» возвращает Нижний Новгород @major","Desktop Chrome","2026-10-01","passed","2026-10-01","CJM-05 | API доставки","14-order-cjm.spec.ts","",""
"","5951","TC-ADDR-07 | Успешное добавление адреса отображает его в списке @major","Mobile Chrome","2026-10-01","passed","2026-10-01","Адреса доставки","16-addresses.spec.ts","",""
"","7103","CJM-02-06 | Избранное: кнопка ♥ добавляет в список @major","Desktop Chrome","2026-10-01","passed","2026-10-01","CJM-02 | Добавление в корзину","14-order-cjm.spec.ts","",""
"","2730","TC-CAT-13 | Фильтр по badge=sale работает через URL @major","Mobile Chrome","2026-10-01","passed","2026-10-01","Каталог товаров","02-catalog.spec.ts","",""
"","2308","TC-ACC-10 | Статус заказа отображается цветным бейджем @major","Mobile Chrome","2026-10-01","passed","2026-10-01","Личный кабинет","06-account.spec.ts","",""
"","5932","ТК-42b | Отрицательное quantity в корзине (cart API) отклоняется @major","Desktop Chrome","2026-10-01","passed","2026-10-01","SEC-BIZ | Бизнес-логика","13-security-pentest.spec.ts","",""
"","8041","CJM-04-12 | Невалидный промокод показывает ошибку @major","Desktop Chrome","2026-10-01","passed","2026-10-01","CJM-04 | Форма заказа","14-order-cjm.spec.ts","",""
"","2103","TC-PROD-09 | Можно изменить количество товара @major","Mobile Chrome","2026-10-01","passed","2026-10-01","Страница товара","03-product.spec.ts","",""
"","4855","TC-CHK-08 | Способы оплаты отображаются @critical","Mobile Chrome","2026-10-01","passed","2026-10-01","Оформление заказа","07-checkout.spec.ts","",""
"","253","TC-1C-01 | checkauth с верными credentials возвращает success @major","Desktop Chrome","2026-10-01","passed","2026-10-01","1C CommerceML — Аутентификация","12-1c-integration.spec.ts","",""
"","3692","TC-ACC-09 | Список заказов содержит контент @major","Mobile Chrome","2026-10-01","passed","2026-10-01","Личный кабинет","06-account.spec.ts","",""
"","2261","TC-HOME-04 | Иконка корзины видна в хедере @critical","Desktop Chrome","2026-10-01","passed","2026-10-01","Главная страница","01-home.spec.ts","",""
"","2020","TC-PROD-13 | QuickView-модал закрывается по Escape @major","Desktop Chrome","2026-10-01","passed","2026-10-01","Страница товара","03-product.spec.ts","",""
"","4216","TC-ADDR-12 | Кнопка ""Выйти со всех устройств"" показывает confirm диалог @major","Mobile Chrome","2026-10-01","passed","2026-10-01","Адреса доставки","16-addresses.spec.ts","",""
"","4262","TC-CAT-10 | Несуществующий поиск показывает пустое состояние @major","Desktop Chrome","2026-10-01","passed","2026-10-01","Каталог товаров","02-catalog.spec.ts","",""
"","1926","TC-ADDR-04 | Клик на ""Добавить адрес"" показывает форму с полями @major","Mobile Chrome","2026-10-01","passed","2026-10-01","Адреса доставки","16-addresses.spec.ts","",""
"","7357","TC-SMS-04 | Кнопка ""Получить код"" присутствует в форме @major","Desktop Chrome","2026-10-01","passed","2026-10-01","SMS/OTP авторизация","18-sms-auth.spec.ts","",""
"","1805","TC-CAT-09 | Поиск спецсимволами не вызывает ошибку @major","Mobile Chrome","2026-10-01","passed","2026-10-01","Каталог товаров","02-catalog.spec.ts","",""
"","2156","TC-PAY-13 | PaymentRedirectOverlay не отображается на главной @critical","Desktop Chrome","2026-10-01","passed","2026-10-01","Платёжный flow","11-payment-flow.spec.ts","",""
"","4469","TC-RAT-05 | Клик на звезду (puck) в оценке не вызывает критическую ошибку @minor","Mobile Chrome","2026-10-01","passed","2026-10-01","Schema.org разметка и рейтинг","17-schema-and-rating.spec.ts","",""
"","310","CJM-05-01 | API /delivery/cities возвращает список городов @major","Mobile Chrome","2026-10-01","passed","2026-10-01","CJM-05 | API доставки","14-order-cjm.spec.ts","",""
"","3100","TC-ACC-11 | Страница бонусов загружается @major","Desktop Chrome","2026-10-01","passed","2026-10-01","Личный кабинет","06-account.spec.ts","",""
"","245","TC-API-18 | POST /checkout без авторизации возвращает 401 @major","Desktop Chrome","2026-10-01","passed","2026-10-01","API-эндпоинты (smoke)","09-api.spec.ts","",""
"","140","ТК-10 | Redis порт 6379 недоступен извне @major","Desktop Chrome","2026-10-01","passed","2026-10-01","SEC-RECON | Разведка и поверхность атаки","13-security-pentest.spec.ts","",""
"","1808","TC-PAGE-05 | Страница доставки загружается @minor","Mobile Chrome","2026-10-01","passed","2026-10-01","Статические страницы","08-pages.spec.ts","",""
"","5644","TC-COK-05 | Клик ""Принять"" скрывает баннер @major","Mobile Chrome","2026-10-01","passed","2026-10-01","Cookie Consent баннер","19-cookie.spec.ts","",""
"","11209","CJM-03-01 | Страница корзины отображает добавленный товар @major","Desktop Chrome","2026-10-01","passed","2026-10-01","CJM-03 | Управление корзиной","14-order-cjm.spec.ts","",""
"","1915","TC-VK-01 | Кнопка ""Войти через VK"" отображается на форме логина @major","Desktop Chrome","2026-10-01","passed","2026-10-01","VK авторизация","15-vk-auth.spec.ts","",""
"","3238","TC-PAY-20 | Использование бонусов больше баланса отклоняется @critical","Desktop Chrome","2026-10-01","passed","2026-10-01","Платёжный flow","11-payment-flow.spec.ts","",""
"","1516","TC-VK-01 | Кнопка ""Войти через VK"" отображается на форме логина @major","Mobile Chrome","2026-10-01","passed","2026-10-01","VK авторизация","15-vk-auth.spec.ts","",""
"","254","TC-API-02 | GET /products?per_page=6 возвращает не более 6 товаров @major","Mobile Chrome","2026-10-01","passed","2026-10-01","API-эндпоинты (smoke)","09-api.spec.ts","",""
"","5718","TC-AUTH-08 | Выход очищает сессию @critical","Mobile Chrome","2026-10-01","passed","2026-10-01","Авторизация и регистрация","05-auth.spec.ts","",""
"","4163","TC-PAY-03 | /payment/result с несуществующим order_id не ломает приложение @critical","Mobile Chrome","2026-10-01","passed","2026-10-01","Платёжный flow","11-payment-flow.spec.ts","",""
"","272","TC-1C-25 | POST file без filename возвращает failure @major","Desktop Chrome","2026-10-01","passed","2026-10-01","1C CommerceML — Загрузка файлов (catalog)","12-1c-integration.spec.ts","",""
"","4916","TC-ADDR-08 | Кнопка ""Редактировать"" открывает форму с заполненными данными @major","Mobile Chrome","2026-10-01","passed","2026-10-01","Адреса доставки","16-addresses.spec.ts","",""
"","4398","CJM-02-03 | После добавления счётчик корзины увеличивается @major","Mobile Chrome","2026-10-01","passed","2026-10-01","CJM-02 | Добавление в корзину","14-order-cjm.spec.ts","",""
"","2424","CJM-07-01 | Пустая корзина не позволяет перейти к оформлению @major","Mobile Chrome","2026-10-01","passed","2026-10-01","CJM-07 | Edge cases и граничные сценарии","14-order-cjm.spec.ts","",""
"","2383","TC-HOME-07 | Hero-слайдер отображается @critical","Mobile Chrome","2026-10-01","passed","2026-10-01","Главная страница","01-home.spec.ts","",""
"","246","TC-1C-27 | POST file с path traversal в filename защищён @major","Desktop Chrome","2026-10-01","passed","2026-10-01","1C CommerceML — Загрузка файлов (catalog)","12-1c-integration.spec.ts","",""
"","2249","CJM-02-06 | Избранное: кнопка ♥ добавляет в список @major","Mobile Chrome","2026-10-01","passed","2026-10-01","CJM-02 | Добавление в корзину","14-order-cjm.spec.ts","",""
"","3395","TC-ACC-12 | Баланс бонусов отображается числом @major","Mobile Chrome","2026-10-01","passed","2026-10-01","Личный кабинет","06-account.spec.ts","",""
"","392","TC-API-04 | GET /products?sort=price_desc возвращает 200 @major","Desktop Chrome","2026-10-01","passed","2026-10-01","API-эндпоинты (smoke)","09-api.spec.ts","",""
"","254","TC-1C-23 | POST file: загрузка prices XML возвращает success @major","Desktop Chrome","2026-10-01","passed","2026-10-01","1C CommerceML — Загрузка файлов (catalog)","12-1c-integration.spec.ts","",""
"","4167","TC-PAY-04 | /payment/result без флага redirect_allowed перенаправляет @critical","Desktop Chrome","2026-10-01","passed","2026-10-01","Платёжный flow","11-payment-flow.spec.ts","",""
"","1553","TC-PERF-02 | Каталог загружается быстрее 10 секунд @minor","Mobile Chrome","2026-10-01","passed","2026-10-01","Адаптивность и производительность","10-responsive.spec.ts","",""
"","2377","ТК-53 | Reflected XSS в URL-параметрах не исполняется @major","Desktop Chrome","2026-10-01","passed","2026-10-01","SEC-INJECT | Инъекции","13-security-pentest.spec.ts","",""
"","540","TC-1C-32 | import catalog создаёт товары в БД @major","Desktop Chrome","2026-10-01","passed","2026-10-01","1C CommerceML — Импорт каталога","12-1c-integration.spec.ts","",""
"","2774","CJM-01-01 | Пользователь заходит на каталог и видит товары @major","Desktop Chrome","2026-10-01","passed","2026-10-01","CJM-01 | Обнаружение товара","14-order-cjm.spec.ts","",""
"","276","CJM-05-02 | API /delivery/pickup-points принимает city_code @major","Desktop Chrome","2026-10-01","passed","2026-10-01","CJM-05 | API доставки","14-order-cjm.spec.ts","",""
"","2106","TC-PROD-15 | Несуществующий slug не роняет приложение @major","Desktop Chrome","2026-10-01","passed","2026-10-01","Страница товара","03-product.spec.ts","",""
"","6300","CJM-04-08 | Выбор СДЭК-курьер показывает поле адреса @major","Desktop Chrome","2026-10-01","passed","2026-10-01","CJM-04 | Форма заказа","14-order-cjm.spec.ts","",""
"","3541","TC-CHK-01 | Форма оформления заказа отображается после авторизации @critical","Mobile Chrome","2026-10-01","passed","2026-10-01","Оформление заказа","07-checkout.spec.ts","",""
"","8417","TC-ADDR-12 | Кнопка ""Выйти со всех устройств"" показывает confirm диалог @major","Desktop Chrome","2026-10-01","passed","2026-10-01","Адреса доставки","16-addresses.spec.ts","",""
"","4093","TC-HOME-16 | На мобиле меню открывается по клику @critical","Mobile Chrome","2026-10-01","passed","2026-10-01","Главная страница","01-home.spec.ts","",""
"","4762","TC-PAY-03 | /payment/result с несуществующим order_id не ломает приложение @critical","Desktop Chrome","2026-10-01","passed","2026-10-01","Платёжный flow","11-payment-flow.spec.ts","",""
"","252","CJM-05-03 | СДЭК: поиск города «Нижний» возвращает Нижний Новгород @major","Mobile Chrome","2026-10-01","passed","2026-10-01","CJM-05 | API доставки","14-order-cjm.spec.ts","",""
"","218","TC-API-16 | GET /me без авторизации возвращает 401 @major","Desktop Chrome","2026-10-01","passed","2026-10-01","API-эндпоинты (smoke)","09-api.spec.ts","",""
"","265","TC-1C-50 | query (type=sale) возвращает XML @major","Desktop Chrome","2026-10-01","passed","2026-10-01","1C CommerceML — Обмен заказами (sale)","12-1c-integration.spec.ts","",""
"","3072","TC-COK-01 | Cookie баннер отображается при первом посещении (нет localStorage cookie_consent) @major","Desktop Chrome","2026-10-01","passed","2026-10-01","Cookie Consent баннер","19-cookie.spec.ts","",""
"","1893","TC-PROD-07 | Если у товара есть опции (размеры), они отображаются @major","Desktop Chrome","2026-10-01","passed","2026-10-01","Страница товара","03-product.spec.ts","",""
"","4350","TC-HOME-11 | Карточка товара содержит название и цену @critical","Desktop Chrome","2026-10-01","passed","2026-10-01","Главная страница","01-home.spec.ts","",""
"","3961","TC-PAY-09 | GET /payment/{order}/status для чужого заказа возвращает 403/404 @critical","Desktop Chrome","2026-10-01","passed","2026-10-01","Платёжный flow","11-payment-flow.spec.ts","",""
"","2562","CJM-02-04 | Корзина сохраняется при переходе на другую страницу @major","Desktop Chrome","2026-10-01","passed","2026-10-01","CJM-02 | Добавление в корзину","14-order-cjm.spec.ts","",""
"","7207","TC-ADDR-08 | Кнопка ""Редактировать"" открывает форму с заполненными данными @major","Desktop Chrome","2026-10-01","passed","2026-10-01","Адреса доставки","16-addresses.spec.ts","",""
"","5159","TC-RESP-01 | / — нет горизонтального скролла на мобиле","Mobile Chrome","2026-10-01","passed","2026-10-01","Адаптивность и производительность","10-responsive.spec.ts","",""
"","184","TC-API-17 | GET /me/orders без авторизации возвращает 401 @major","Mobile Chrome","2026-10-01","passed","2026-10-01","API-эндпоинты (smoke)","09-api.spec.ts","",""
"","4187","TC-SCH-04 | Schema содержит availability (InStock или OutOfStock) @minor","Mobile Chrome","2026-10-01","failed","2026-10-01","Schema.org разметка и рейтинг","17-schema-and-rating.spec.ts","",""
"","10307","CJM-07-05 | Дублирующий клик «В корзину» не создаёт двойной позиции @major","Desktop Chrome","2026-10-01","passed","2026-10-01","CJM-07 | Edge cases и граничные сценарии","14-order-cjm.spec.ts","",""
"","4647","TC-VK-05 | Страница /auth/vk/callback с невалидным code показывает сообщение об ошибке @major","Mobile Chrome","2026-10-01","passed","2026-10-01","VK авторизация","15-vk-auth.spec.ts","",""
"","7188","CJM-04-01 | Форма заказа отображается на /cart (авторизованный пользователь) @major","Desktop Chrome","2026-10-01","passed","2026-10-01","CJM-04 | Форма заказа","14-order-cjm.spec.ts","",""
"","1522","CJM-07-03 | Несуществующий slug продукта показывает 404, а не 500 @major","Mobile Chrome","2026-10-01","passed","2026-10-01","CJM-07 | Edge cases и граничные сценарии","14-order-cjm.spec.ts","",""
"","1840","TC-PROD-10 | Количество ограничено стоком @major","Desktop Chrome","2026-10-01","passed","2026-10-01","Страница товара","03-product.spec.ts","",""
"","2466","TC-ACC-11 | Страница бонусов загружается @major","Mobile Chrome","2026-10-01","passed","2026-10-01","Личный кабинет","06-account.spec.ts","",""
"","3569","TC-ACC-08 | Страница заказов загружается @major","Mobile Chrome","2026-10-01","passed","2026-10-01","Личный кабинет","06-account.spec.ts","",""
"","4885","TC-AUTH-09 | /account/orders перенаправляет на логин без авторизации @critical","Mobile Chrome","2026-10-01","passed","2026-10-01","Авторизация и регистрация","05-auth.spec.ts","",""
"","2251","TC-PAGE-11 | Страница пользовательского соглашения загружается @minor","Desktop Chrome","2026-10-01","passed","2026-10-01","Статические страницы","08-pages.spec.ts","",""
"","501","TC-1C-31 | После import classifier: категория видна в API @major","Desktop Chrome","2026-10-01","passed","2026-10-01","1C CommerceML — Импорт каталога","12-1c-integration.spec.ts","",""
"","208","TC-API-15 | POST /delivery/calculate с корректными данными возвращает 200 @major","Mobile Chrome","2026-10-01","passed","2026-10-01","API-эндпоинты (smoke)","09-api.spec.ts","",""
"","3530","TC-CHK-07 | СДЭК: поиск по городам работает @critical","Desktop Chrome","2026-10-01","passed","2026-10-01","Оформление заказа","07-checkout.spec.ts","",""
"","7977","CJM-03-04 | Удаление товара из корзины работает @major","Mobile Chrome","2026-10-01","passed","2026-10-01","CJM-03 | Управление корзиной","14-order-cjm.spec.ts","",""
"","2974","TC-CHK-05 | Выбор «Самовывоз» не требует адреса @critical","Mobile Chrome","2026-10-01","passed","2026-10-01","Оформление заказа","07-checkout.spec.ts","",""
"","4246","TC-CART-05 | В корзине можно увеличить количество @major","Desktop Chrome","2026-10-01","skipped","2026-10-01","Корзина","04-cart.spec.ts","",""
"","1962","TC-PAGE-08 | Страница оплаты загружается @minor","Mobile Chrome","2026-10-01","passed","2026-10-01","Статические страницы","08-pages.spec.ts","",""
"","211","TC-PAY-17 | Webhook с невалидной подписью отклоняется @critical","Mobile Chrome","2026-10-01","passed","2026-10-01","Платёжный flow","11-payment-flow.spec.ts","",""
"","4327","CJM-06-05 | API GET /shop/orders с auth возвращает список @major","Mobile Chrome","2026-10-01","passed","2026-10-01","CJM-06 | Статус и история заказов","14-order-cjm.spec.ts","",""
"","5704","TC-SMS-01 | Переключатель ""Войти по SMS"" присутствует в форме авторизации @major","Mobile Chrome","2026-10-01","passed","2026-10-01","SMS/OTP авторизация","18-sms-auth.spec.ts","",""
"","3128","CJM-04-08 | Выбор СДЭК-курьер показывает поле адреса @major","Mobile Chrome","2026-10-01","passed","2026-10-01","CJM-04 | Форма заказа","14-order-cjm.spec.ts","",""
"","6525","ТК-17 | Rate-limit: повторные неудачи в логин блокируются @major","Desktop Chrome","2026-10-01","passed","2026-10-01","SEC-AUTH | Аутентификация","13-security-pentest.spec.ts","",""
"","2239","TC-HOME-18 | Страница не показывает «Что-то пошло не так» @critical","Desktop Chrome","2026-10-01","passed","2026-10-01","Главная страница","01-home.spec.ts","",""
"","3396","CJM-04-01 | Форма заказа отображается на /cart (авторизованный пользователь) @major","Mobile Chrome","2026-10-01","passed","2026-10-01","CJM-04 | Форма заказа","14-order-cjm.spec.ts","",""
"","7556","TC-CAT-11 | Панель фильтров открывается @major","Mobile Chrome","2026-10-01","failed","2026-10-01","Каталог товаров","02-catalog.spec.ts","",""
"","3950","TC-CHK-04 | Способы доставки отображаются @critical","Desktop Chrome","2026-10-01","passed","2026-10-01","Оформление заказа","07-checkout.spec.ts","",""
"","11126","CJM-03-05 | Итоговая сумма в корзине отображается @major","Desktop Chrome","2026-10-01","passed","2026-10-01","CJM-03 | Управление корзиной","14-order-cjm.spec.ts","",""
"","268","TC-1C-51 | query возвращает валидный XML с КоммерческаяИнформация @major","Desktop Chrome","2026-10-01","passed","2026-10-01","1C CommerceML — Обмен заказами (sale)","12-1c-integration.spec.ts","",""
"","251","TC-API-08 | GET /products?price_min=500&price_max=3000 возвращает 200 @major","Mobile Chrome","2026-10-01","passed","2026-10-01","API-эндпоинты (smoke)","09-api.spec.ts","",""
"","3923","TC-RESP-01 | /contacts — нет горизонтального скролла на мобиле","Mobile Chrome","2026-10-01","passed","2026-10-01","Адаптивность и производительность","10-responsive.spec.ts","",""
"","1697","TC-CAT-22 | Скелетон-плейсхолдер показывается при загрузке @major","Mobile Chrome","2026-10-01","passed","2026-10-01","Каталог товаров","02-catalog.spec.ts","",""
"","272","ТК-26 | 1С эндпоинт mode=init требует авторизации @major","Desktop Chrome","2026-10-01","passed","2026-10-01","SEC-AUTH | Аутентификация","13-security-pentest.spec.ts","",""
"","207","TC-PAY-14 | POST /payment/{order}/refund для несуществующего заказа возвращает 401/404 @critical","Mobile Chrome","2026-10-01","passed","2026-10-01","Платёжный flow","11-payment-flow.spec.ts","",""
"","252","TC-1C-26 | POST file с пустым телом возвращает failure @major","Desktop Chrome","2026-10-01","passed","2026-10-01","1C CommerceML — Загрузка файлов (catalog)","12-1c-integration.spec.ts","",""
"","1907","TC-CAT-08 | Пустой поиск не вызывает ошибку @major","Mobile Chrome","2026-10-01","passed","2026-10-01","Каталог товаров","02-catalog.spec.ts","",""
"","930","TC-PAY-06b | Перебор order ID недоступен без авторизации @critical","Mobile Chrome","2026-10-01","passed","2026-10-01","Платёжный flow — защита без авторизации","11-payment-flow.spec.ts","",""
"","2185","TC-CAT-20 | Несуществующая категория не вызывает 500-ошибку @major","Desktop Chrome","2026-10-01","passed","2026-10-01","Каталог товаров","02-catalog.spec.ts","",""
"","1693","TC-CAT-07 | URL-параметр search сохраняется при переходе @major","Mobile Chrome","2026-10-01","passed","2026-10-01","Каталог товаров","02-catalog.spec.ts","",""
"","259","TC-PAY-06 | API /payment/{order}/status с несуществующим заказом возвращает 401/404 @critical","Desktop Chrome","2026-10-01","passed","2026-10-01","Платёжный flow","11-payment-flow.spec.ts","",""
"","758","TC-1C-73 | XXE-атака в XML отклоняется или игнорируется @major","Desktop Chrome","2026-10-01","passed","2026-10-01","1C CommerceML — Безопасность","12-1c-integration.spec.ts","",""
"","257","TC-1C-36 | import rests обновляет остатки вариантов @major","Desktop Chrome","2026-10-01","passed","2026-10-01","1C CommerceML — Импорт каталога","12-1c-integration.spec.ts","",""
"","4916","CJM-06-03 | Статус заказа отображается @major","Desktop Chrome","2026-10-01","passed","2026-10-01","CJM-06 | Статус и история заказов","14-order-cjm.spec.ts","",""
"","3205","CJM-04-05 | Email-поле присутствует или предзаполнено @major","Mobile Chrome","2026-10-01","passed","2026-10-01","CJM-04 | Форма заказа","14-order-cjm.spec.ts","",""
"","1553","TC-AUTH-04 | Вход с пустыми полями показывает ошибку @critical","Mobile Chrome","2026-10-01","passed","2026-10-01","Авторизация и регистрация","05-auth.spec.ts","",""
"","258","TC-API-20 | POST /shop/ratings без авторизации возвращает 401 @major","Desktop Chrome","2026-10-01","passed","2026-10-01","API-эндпоинты (smoke)","09-api.spec.ts","",""
"","4250","TC-CART-08 | Итоговая сумма отображается @major","Desktop Chrome","2026-10-01","failed","2026-10-01","Корзина","04-cart.spec.ts","",""
"","4944","CJM-06-06 | Заказ другого пользователя недоступен по ID @major","Mobile Chrome","2026-10-01","passed","2026-10-01","CJM-06 | Статус и история заказов","14-order-cjm.spec.ts","",""
"","2078","TC-PAGE-10 | Страница политики конфиденциальности загружается @minor","Desktop Chrome","2026-10-01","passed","2026-10-01","Статические страницы","08-pages.spec.ts","",""
"","3749","TC-CART-05 | В корзине можно увеличить количество @major","Mobile Chrome","2026-10-01","skipped","2026-10-01","Корзина","04-cart.spec.ts","",""
"","1762","TC-PAY-21 | Страница /payment содержит информацию о способах оплаты @critical","Mobile Chrome","2026-10-01","passed","2026-10-01","Платёжный flow","11-payment-flow.spec.ts","",""
"","3402","TC-HOME-03 | Навигация содержит ссылки на каталог и другие разделы @critical","Desktop Chrome","2026-10-01","passed","2026-10-01","Главная страница","01-home.spec.ts","",""
"","214","TC-API-11 | GET /products/nonexistent-slug возвращает 404 @major","Mobile Chrome","2026-10-01","passed","2026-10-01","API-эндпоинты (smoke)","09-api.spec.ts","",""
"","3014","TC-COK-02 | Баннер содержит кнопку ""Принять"" @major","Mobile Chrome","2026-10-01","passed","2026-10-01","Cookie Consent баннер","19-cookie.spec.ts","",""
"","2760","TC-CAT-17 | Сортировка по цене (убывание) через URL @major","Mobile Chrome","2026-10-01","passed","2026-10-01","Каталог товаров","02-catalog.spec.ts","",""
"","8306","CJM-04-04 | Телефон с +7 форматируется корректно @major","Desktop Chrome","2026-10-01","passed","2026-10-01","CJM-04 | Форма заказа","14-order-cjm.spec.ts","",""
"","317","ТК-57 | Оформление заказа без CSRF отклоняется @major","Desktop Chrome","2026-10-01","passed","2026-10-01","SEC-CSRF | CSRF защита","13-security-pentest.spec.ts","",""
"","280","TC-API-08 | GET /products?price_min=500&price_max=3000 возвращает 200 @major","Desktop Chrome","2026-10-01","passed","2026-10-01","API-эндпоинты (smoke)","09-api.spec.ts","",""
"","3096","CJM-04-12 | Невалидный промокод показывает ошибку @major","Mobile Chrome","2026-10-01","passed","2026-10-01","CJM-04 | Форма заказа","14-order-cjm.spec.ts","",""
"","2523","TC-RESP-01 | /catalog — нет горизонтального скролла на мобиле","Mobile Chrome","2026-10-01","passed","2026-10-01","Адаптивность и производительность","10-responsive.spec.ts","",""
"","5216","TC-HOME-11 | Карточка товара содержит название и цену @critical","Mobile Chrome","2026-10-01","passed","2026-10-01","Главная страница","01-home.spec.ts","",""
"","7278","TC-SMS-04 | Кнопка ""Получить код"" присутствует в форме @major","Mobile Chrome","2026-10-01","passed","2026-10-01","SMS/OTP авторизация","18-sms-auth.spec.ts","",""
"","5203","TC-VK-05 | Страница /auth/vk/callback с невалидным code показывает сообщение об ошибке @major","Desktop Chrome","2026-10-01","passed","2026-10-01","VK авторизация","15-vk-auth.spec.ts","",""
"","259","TC-API-12 | POST /auth/login с неверными данными возвращает 401 или 422 @major","Desktop Chrome","2026-10-01","passed","2026-10-01","API-эндпоинты (smoke)","09-api.spec.ts","",""
"","3530","TC-CHK-04 | Способы доставки отображаются @critical","Mobile Chrome","2026-10-01","passed","2026-10-01","Оформление заказа","07-checkout.spec.ts","",""
"","9846","TC-1C-70 | Throttle: 120+ запросов в минуту возвращает 429 @major","Desktop Chrome","2026-10-01","passed","2026-10-01","1C CommerceML — Безопасность","12-1c-integration.spec.ts","",""
"","20404","TC-CART-06 | В корзине можно уменьшить количество @major","Mobile Chrome","2026-10-01","failed","2026-10-01","Корзина","04-cart.spec.ts","",""
"","2731","TC-CAT-01 | Каталог загружается и показывает товары @major","Desktop Chrome","2026-10-01","passed","2026-10-01","Каталог товаров","02-catalog.spec.ts","",""
"","3975","TC-CHK-01 | Форма оформления заказа отображается после авторизации @critical","Desktop Chrome","2026-10-01","passed","2026-10-01","Оформление заказа","07-checkout.spec.ts","",""
"","3395","TC-PAY-02 | /payment/result без order_id перенаправляет или не крашится @critical","Mobile Chrome","2026-10-01","passed","2026-10-01","Платёжный flow","11-payment-flow.spec.ts","",""
"","4834","TC-PAY-11 | /payment/result с status=fail показывает ошибку оплаты @critical","Desktop Chrome","2026-10-01","passed","2026-10-01","Платёжный flow","11-payment-flow.spec.ts","",""
"","2662","TC-PROD-03 | Цена товара отображается @major","Desktop Chrome","2026-10-01","passed","2026-10-01","Страница товара","03-product.spec.ts","",""
"","219","TC-API-17 | GET /me/orders без авторизации возвращает 401 @major","Desktop Chrome","2026-10-01","passed","2026-10-01","API-эндпоинты (smoke)","09-api.spec.ts","",""
"","2390","ТК-53b | XSS через имя категории не исполняется @major","Desktop Chrome","2026-10-01","passed","2026-10-01","SEC-INJECT | Инъекции","13-security-pentest.spec.ts","",""
"","355","TC-API-04 | GET /products?sort=price_desc возвращает 200 @major","Mobile Chrome","2026-10-01","passed","2026-10-01","API-эндпоинты (smoke)","09-api.spec.ts","",""
"","7995","TC-ADDR-06 | Отправка пустой формы показывает ошибки валидации @major","Desktop Chrome","2026-10-01","passed","2026-10-01","Адреса доставки","16-addresses.spec.ts","",""
"","1859","TC-PROD-14 | Секция похожих товаров загружается @major","Desktop Chrome","2026-10-01","passed","2026-10-01","Страница товара","03-product.spec.ts","",""
"","2965","CJM-01-03 | Клик на карточку переходит на страницу товара @major","Desktop Chrome","2026-10-01","passed","2026-10-01","CJM-01 | Обнаружение товара","14-order-cjm.spec.ts","",""
"","1711","TC-PROD-16 | Страница товара на мобиле без горизонтального скролла @major","Mobile Chrome","2026-10-01","passed","2026-10-01","Страница товара","03-product.spec.ts","",""
"","3016","TC-CHK-09 | Невалидный промокод показывает ошибку @critical","Mobile Chrome","2026-10-01","passed","2026-10-01","Оформление заказа","07-checkout.spec.ts","",""
"","4817","TC-CART-07 | Товар удаляется из корзины @major","Mobile Chrome","2026-10-01","failed","2026-10-01","Корзина","04-cart.spec.ts","",""
"","3536","TC-COK-04 | Баннер содержит ссылку на политику конфиденциальности @major","Desktop Chrome","2026-10-01","passed","2026-10-01","Cookie Consent баннер","19-cookie.spec.ts","",""
"","8780","ТК-46 | Race condition: одновременные заказы не дублируются @major","Desktop Chrome","2026-10-01","passed","2026-10-01","SEC-BIZ | Бизнес-логика","13-security-pentest.spec.ts","",""
"","3968","TC-CHK-10 | Чекбокс «Потратить бонусы» присутствует @critical","Desktop Chrome","2026-10-01","passed","2026-10-01","Оформление заказа","07-checkout.spec.ts","",""
"","4993","TC-CHK-12 | API /delivery/pickup-points требует city_code @critical","Mobile Chrome","2026-10-01","passed","2026-10-01","Оформление заказа","07-checkout.spec.ts","",""
"","5654","ТК-29 | IDOR: изменение чужого профиля заблокировано @major","Desktop Chrome","2026-10-01","passed","2026-10-01","SEC-IDOR | Авторизация и IDOR","13-security-pentest.spec.ts","",""
"","7972","TC-SMS-05 | Ввод телефона и клик ""Получить код"" → вызывается POST /api/v1/shop/auth/send-otp @major","Desktop Chrome","2026-10-01","passed","2026-10-01","SMS/OTP авторизация","18-sms-auth.spec.ts","",""
"","2104","TC-CAT-08 | Пустой поиск не вызывает ошибку @major","Desktop Chrome","2026-10-01","passed","2026-10-01","Каталог товаров","02-catalog.spec.ts","",""
"","13620","TC-CART-01 | Пустая корзина показывает соответствующее сообщение @major","Desktop Chrome","2026-10-01","failed","2026-10-01","Корзина","04-cart.spec.ts","",""
"","3586","TC-PAGE-01 | Страница контактов загружается @minor","Desktop Chrome","2026-10-01","passed","2026-10-01","Статические страницы","08-pages.spec.ts","",""
"","5162","TC-PAY-12 | /payment/result неавторизованный перенаправляется на вход @critical","Desktop Chrome","2026-10-01","passed","2026-10-01","Платёжный flow","11-payment-flow.spec.ts","",""
"","4153","TC-CART-03 | Счётчик в хедере обновляется при добавлении @major","Mobile Chrome","2026-10-01","failed","2026-10-01","Корзина","04-cart.spec.ts","",""
"","5460","TC-HOME-12 | Клик на карточку товара ведёт на страницу товара @critical","Desktop Chrome","2026-10-01","passed","2026-10-01","Главная страница","01-home.spec.ts","",""
"","513","TC-1C-11 | init: file_limit >= 1MB @major","Desktop Chrome","2026-10-01","passed","2026-10-01","1C CommerceML — Инициализация","12-1c-integration.spec.ts","",""
"","248","TC-1C-24 | POST file: загрузка rests XML возвращает success @major","Desktop Chrome","2026-10-01","passed","2026-10-01","1C CommerceML — Загрузка файлов (catalog)","12-1c-integration.spec.ts","",""
"","5929","ТК-41 | Подмена цены при checkout: сервер игнорирует client-side цену @major","Desktop Chrome","2026-10-01","passed","2026-10-01","SEC-BIZ | Бизнес-логика","13-security-pentest.spec.ts","",""
"","3372","TC-PAY-18 | Нулевая сумма заказа отклоняется @critical","Desktop Chrome","2026-10-01","passed","2026-10-01","Платёжный flow","11-payment-flow.spec.ts","",""
"","5966","ТК-30 | IDOR: чужие адреса доставки недоступны @major","Desktop Chrome","2026-10-01","passed","2026-10-01","SEC-IDOR | Авторизация и IDOR","13-security-pentest.spec.ts","",""
"","2141","TC-VK-06 | На странице логина присутствует разделитель ""или"" между формой и VK кнопкой @major","Desktop Chrome","2026-10-01","passed","2026-10-01","VK авторизация","15-vk-auth.spec.ts","",""
"","2400","TC-CART-01 | Пустая корзина показывает соответствующее сообщение @major","Mobile Chrome","2026-10-01","passed","2026-10-01","Корзина","04-cart.spec.ts","",""
"","2286","TC-PAGE-07 | Страница доставки содержит информацию о самовывозе @minor","Desktop Chrome","2026-10-01","passed","2026-10-01","Статические страницы","08-pages.spec.ts","",""
"","4344","TC-ACC-16 | Страница билетов загружается @major","Desktop Chrome","2026-10-01","passed","2026-10-01","Личный кабинет","06-account.spec.ts","",""
"","3115","TC-CHK-07 | СДЭК: поиск по городам работает @critical","Mobile Chrome","2026-10-01","passed","2026-10-01","Оформление заказа","07-checkout.spec.ts","",""
"","2691","TC-RESP-01 | /payment — нет горизонтального скролла на мобиле","Mobile Chrome","2026-10-01","passed","2026-10-01","Адаптивность и производительность","10-responsive.spec.ts","",""
"","6751","ТК-16 | Rate-limit на логин магазина (должен вернуть 429) @major","Desktop Chrome","2026-10-01","passed","2026-10-01","SEC-AUTH | Аутентификация","13-security-pentest.spec.ts","",""
"","248","TC-API-19 | POST /checkout с пустыми items возвращает 422 @major","Desktop Chrome","2026-10-01","passed","2026-10-01","API-эндпоинты (smoke)","09-api.spec.ts","",""
"","249","TC-1C-20 | POST file: загрузка classifier XML возвращает success @major","Desktop Chrome","2026-10-01","passed","2026-10-01","1C CommerceML — Загрузка файлов (catalog)","12-1c-integration.spec.ts","",""
"","2586","TC-RESP-01 | /delivery — нет горизонтального скролла на мобиле","Mobile Chrome","2026-10-01","passed","2026-10-01","Адаптивность и производительность","10-responsive.spec.ts","",""
"","3217","TC-CHK-03 | Телефон форматируется в +7(XXX)XXX-XX-XX @critical","Mobile Chrome","2026-10-01","passed","2026-10-01","Оформление заказа","07-checkout.spec.ts","",""
"","3164","CJM-04-07 | Выбор самовывоза скрывает поле адреса @major","Mobile Chrome","2026-10-01","passed","2026-10-01","CJM-04 | Форма заказа","14-order-cjm.spec.ts","",""
"","597","TC-1C-72 | query Content-Type application/xml @major","Desktop Chrome","2026-10-01","passed","2026-10-01","1C CommerceML — Безопасность","12-1c-integration.spec.ts","",""
"","1693","TC-VK-03 | Клик по кнопке VK открывает VK ID виджет или меняет состояние кнопки @major","Mobile Chrome","2026-10-01","skipped","2026-10-01","VK авторизация","15-vk-auth.spec.ts","",""
"","2401","TC-PROD-12 | QuickView-модал открывается из карточки в каталоге @major","Desktop Chrome","2026-10-01","passed","2026-10-01","Страница товара","03-product.spec.ts","",""
"","3880","TC-PAY-15 | Возврат с авторизацией для несуществующего заказа возвращает 404 @critical","Mobile Chrome","2026-10-01","passed","2026-10-01","Платёжный flow","11-payment-flow.spec.ts","",""
"","2407","TC-CAT-04 | Карточка товара: изображение, название, цена @major","Mobile Chrome","2026-10-01","passed","2026-10-01","Каталог товаров","02-catalog.spec.ts","",""
"","11202","CJM-03-04 | Удаление товара из корзины работает @major","Desktop Chrome","2026-10-01","passed","2026-10-01","CJM-03 | Управление корзиной","14-order-cjm.spec.ts","",""
"","244","TC-1C-54 | success (type=catalog) возвращает failure @major","Desktop Chrome","2026-10-01","passed","2026-10-01","1C CommerceML — Обмен заказами (sale)","12-1c-integration.spec.ts","",""
"","2847","CJM-04-02 | Поле имени предзаполнено данными профиля @major","Mobile Chrome","2026-10-01","passed","2026-10-01","CJM-04 | Форма заказа","14-order-cjm.spec.ts","",""
"","2315","TC-RAT-01 | Блок рейтинга отображается на странице товара @minor","Mobile Chrome","2026-10-01","passed","2026-10-01","Schema.org разметка и рейтинг","17-schema-and-rating.spec.ts","",""
"","6966","CJM-02-02 | Добавление товара в корзину не вызывает ошибку @major","Mobile Chrome","2026-10-01","passed","2026-10-01","CJM-02 | Добавление в корзину","14-order-cjm.spec.ts","",""
"","217","TC-PAY-06 | API /payment/{order}/status с несуществующим заказом возвращает 401/404 @critical","Mobile Chrome","2026-10-01","passed","2026-10-01","Платёжный flow","11-payment-flow.spec.ts","",""
"","3844","TC-SCH-01 | Страница товара содержит JSON-LD schema script @minor","Desktop Chrome","2026-10-01","passed","2026-10-01","Schema.org разметка и рейтинг","17-schema-and-rating.spec.ts","",""
"","216","TC-API-12 | POST /auth/login с неверными данными возвращает 401 или 422 @major","Mobile Chrome","2026-10-01","passed","2026-10-01","API-эндпоинты (smoke)","09-api.spec.ts","",""
"","2241","TC-HOME-17 | Тег <title> не пустой @critical","Desktop Chrome","2026-10-01","passed","2026-10-01","Главная страница","01-home.spec.ts","",""
"","521","TC-API-10 | GET /products/{slug} с валидным slug возвращает 200 @major","Desktop Chrome","2026-10-01","passed","2026-10-01","API-эндпоинты (smoke)","09-api.spec.ts","",""
"","4258","TC-RAT-04 | В заказах отображается блок оценки товара (если есть заказы) @minor","Mobile Chrome","2026-10-01","passed","2026-10-01","Schema.org разметка и рейтинг","17-schema-and-rating.spec.ts","",""
"","2794","TC-CART-02 | Товар добавляется в корзину @major","Desktop Chrome","2026-10-01","failed","2026-10-01","Корзина","04-cart.spec.ts","",""
"","312","CJM-06-04 | API GET /shop/orders требует авторизации @major","Desktop Chrome","2026-10-01","passed","2026-10-01","CJM-06 | Статус и история заказов","14-order-cjm.spec.ts","",""
"","3947","TC-CART-10 | Поле промокода присутствует на странице оформления @major","Desktop Chrome","2026-10-01","failed","2026-10-01","Корзина","04-cart.spec.ts","",""
"","263","CJM-05-02 | API /delivery/pickup-points принимает city_code @major","Mobile Chrome","2026-10-01","passed","2026-10-01","CJM-05 | API доставки","14-order-cjm.spec.ts","",""
"","253","CJM-05-05 | Тариф доставки рассчитывается для Нижнего @major","Desktop Chrome","2026-10-01","passed","2026-10-01","CJM-05 | API доставки","14-order-cjm.spec.ts","",""
"","17937","TC-CAT-15 | Дропдаун сортировки присутствует @major","Mobile Chrome","2026-10-01","failed","2026-10-01","Каталог товаров","02-catalog.spec.ts","",""
"","5732","TC-CART-07 | Товар удаляется из корзины @major","Desktop Chrome","2026-10-01","failed","2026-10-01","Корзина","04-cart.spec.ts","",""
"","1986","CJM-01-06 | Переключение фото в галерее работает @major","Desktop Chrome","2026-10-01","passed","2026-10-01","CJM-01 | Обнаружение товара","14-order-cjm.spec.ts","",""
"","1972","TC-AUTH-04 | Вход с пустыми полями показывает ошибку @critical","Desktop Chrome","2026-10-01","passed","2026-10-01","Авторизация и регистрация","05-auth.spec.ts","",""
"","380","TC-API-07 | GET /products?badge=sale возвращает 200 @major","Desktop Chrome","2026-10-01","passed","2026-10-01","API-эндпоинты (smoke)","09-api.spec.ts","",""
"","3548","TC-COK-01 | Cookie баннер отображается при первом посещении (нет localStorage cookie_consent) @major","Mobile Chrome","2026-10-01","passed","2026-10-01","Cookie Consent баннер","19-cookie.spec.ts","",""
"","21791","TC-CART-06 | В корзине можно уменьшить количество @major","Desktop Chrome","2026-10-01","failed","2026-10-01","Корзина","04-cart.spec.ts","",""
"","7706","CJM-03-07 | Кнопка «Оформить заказ» ведёт на checkout @major","Mobile Chrome","2026-10-01","passed","2026-10-01","CJM-03 | Управление корзиной","14-order-cjm.spec.ts","",""
"","9052","ТК-43 | Промокод: перебор ограничен rate-limit @major","Desktop Chrome","2026-10-01","passed","2026-10-01","SEC-BIZ | Бизнес-логика","13-security-pentest.spec.ts","",""
"","260","TC-1C-03 | checkauth с неверными credentials возвращает failure (401) @major","Desktop Chrome","2026-10-01","passed","2026-10-01","1C CommerceML — Аутентификация","12-1c-integration.spec.ts","",""
"","12938","CJM-02-01 | Кнопка «В корзину» видима и активна @major","Desktop Chrome","2026-10-01","failed","2026-10-01","CJM-02 | Добавление в корзину","14-order-cjm.spec.ts","",""
"","8623","TC-ADDR-05 | Форма содержит поля: тип доставки, индекс, улица, дом, квартира @major","Desktop Chrome","2026-10-01","passed","2026-10-01","Адреса доставки","16-addresses.spec.ts","",""
"","8122","CJM-03-02 | Кнопка «+» увеличивает количество @major","Mobile Chrome","2026-10-01","passed","2026-10-01","CJM-03 | Управление корзиной","14-order-cjm.spec.ts","",""
"","2353","TC-PAGE-05 | Страница доставки загружается @minor","Desktop Chrome","2026-10-01","passed","2026-10-01","Статические страницы","08-pages.spec.ts","",""
"","2394","TC-AUTH-02 | Auth-модал закрывается по Escape @critical","Mobile Chrome","2026-10-01","passed","2026-10-01","Авторизация и регистрация","05-auth.spec.ts","",""
"","1634","TC-PROD-14 | Секция похожих товаров загружается @major","Mobile Chrome","2026-10-01","passed","2026-10-01","Страница товара","03-product.spec.ts","",""
"","7755","TC-RAT-04 | В заказах отображается блок оценки товара (если есть заказы) @minor","Desktop Chrome","2026-10-01","passed","2026-10-01","Schema.org разметка и рейтинг","17-schema-and-rating.spec.ts","",""
"","4461","CJM-07-02 | Неавторизованный пользователь видит призыв к входу в корзине @major","Mobile Chrome","2026-10-01","passed","2026-10-01","CJM-07 | Edge cases и граничные сценарии","14-order-cjm.spec.ts","",""
"","1944","TC-PAGE-12 | Страница возвратов загружается @minor","Mobile Chrome","2026-10-01","passed","2026-10-01","Статические страницы","08-pages.spec.ts","",""
"","4796","TC-AUTH-10 | /payment/result перенаправляет без авторизации @critical","Mobile Chrome","2026-10-01","passed","2026-10-01","Авторизация и регистрация","05-auth.spec.ts","",""
"","2989","TC-COK-09 | Баннер корректно отображается на мобильном @major","Desktop Chrome","2026-10-01","passed","2026-10-01","Cookie Consent баннер","19-cookie.spec.ts","",""
"","5474","TC-HOME-01 | Страница загружается без ошибок (200) @critical","Mobile Chrome","2026-10-01","passed","2026-10-01","Главная страница","01-home.spec.ts","",""
"","2211","TC-AUTH-03 | Auth-модал закрывается кликом на оверлей @critical","Desktop Chrome","2026-10-01","passed","2026-10-01","Авторизация и регистрация","05-auth.spec.ts","",""
"","4003","TC-CAT-18 | Сортировка по названию через URL @major","Desktop Chrome","2026-10-01","passed","2026-10-01","Каталог товаров","02-catalog.spec.ts","",""
"","2318","TC-CAT-01 | Каталог загружается и показывает товары @major","Mobile Chrome","2026-10-01","passed","2026-10-01","Каталог товаров","02-catalog.spec.ts","",""
"","3542","TC-COK-08 | Баннер зафиксирован внизу страницы (fixed position) @major","Desktop Chrome","2026-10-01","passed","2026-10-01","Cookie Consent баннер","19-cookie.spec.ts","",""
"","247","TC-1C-71 | Content-Type ответа всегда text/plain @major","Desktop Chrome","2026-10-01","passed","2026-10-01","1C CommerceML — Безопасность","12-1c-integration.spec.ts","",""
"","3120","TC-CAT-05 | Клик на карточку открывает страницу товара @major","Mobile Chrome","2026-10-01","passed","2026-10-01","Каталог товаров","02-catalog.spec.ts","",""
"","160","ТК-09 | PostgreSQL порт 5432 недоступен извне @major","Desktop Chrome","2026-10-01","passed","2026-10-01","SEC-RECON | Разведка и поверхность атаки","13-security-pentest.spec.ts","",""
"","2635","TC-AUTH-01 | Auth-модал открывается @critical","Mobile Chrome","2026-10-01","passed","2026-10-01","Авторизация и регистрация","05-auth.spec.ts","",""
"","3981","TC-CAT-16 | Сортировка по цене (возрастание) через URL @major","Mobile Chrome","2026-10-01","passed","2026-10-01","Каталог товаров","02-catalog.spec.ts","",""
"","4280","TC-ACC-04 | Форма личных данных содержит поля ФИО и email @major","Desktop Chrome","2026-10-01","passed","2026-10-01","Личный кабинет","06-account.spec.ts","",""
"","261","TC-API-09 | GET /categories возвращает 200 и массив @major","Desktop Chrome","2026-10-01","passed","2026-10-01","API-эндпоинты (smoke)","09-api.spec.ts","",""
"","5117","TC-VK-04 | Страница /auth/vk/callback без code показывает ошибку или редиректит @major","Mobile Chrome","2026-10-01","passed","2026-10-01","VK авторизация","15-vk-auth.spec.ts","",""
"","2247","TC-HOME-05 | Футер отображается @critical","Desktop Chrome","2026-10-01","passed","2026-10-01","Главная страница","01-home.spec.ts","",""
"","4201","TC-RAT-06 | После оценки товара не появляется ""Что-то пошло не так"" @minor","Mobile Chrome","2026-10-01","passed","2026-10-01","Schema.org разметка и рейтинг","17-schema-and-rating.spec.ts","",""
"","3964","TC-CHK-11 | API /delivery/cities возвращает список городов @critical","Mobile Chrome","2026-10-01","passed","2026-10-01","Оформление заказа","07-checkout.spec.ts","",""
"","249","TC-PAY-16 | Webhook Уралсиб без подписи отклоняется @critical","Mobile Chrome","2026-10-01","passed","2026-10-01","Платёжный flow","11-payment-flow.spec.ts","",""
"","251","TC-1C-02 | checkauth возвращает cookie в ответе @major","Desktop Chrome","2026-10-01","passed","2026-10-01","1C CommerceML — Аутентификация","12-1c-integration.spec.ts","",""
"","3974","TC-ACC-08 | Страница заказов загружается @major","Desktop Chrome","2026-10-01","passed","2026-10-01","Личный кабинет","06-account.spec.ts","",""
"","4105","TC-PAGE-03 | На странице контактов нет запроса геолокации (авто-гео убрана) @minor","Desktop Chrome","2026-10-01","passed","2026-10-01","Статические страницы","08-pages.spec.ts","",""
"","244","ТК-65 | API возвращает стандартные коды ошибок без stack traces @major","Desktop Chrome","2026-10-01","passed","2026-10-01","SEC-INFRA | Инфраструктура","13-security-pentest.spec.ts","",""
"","4629","TC-HOME-05 | Футер отображается @critical","Mobile Chrome","2026-10-01","passed","2026-10-01","Главная страница","01-home.spec.ts","",""
"","7263","TC-PROD-11 | Добавление в корзину меняет счётчик корзины в хедере @major","Desktop Chrome","2026-10-01","passed","2026-10-01","Страница товара","03-product.spec.ts","",""
"","12811","CJM-03-03 | Кнопка «−» уменьшает количество @major","Desktop Chrome","2026-10-01","passed","2026-10-01","CJM-03 | Управление корзиной","14-order-cjm.spec.ts","",""
"","7230","CJM-04-03 | Поле телефона принимает российский формат @major","Desktop Chrome","2026-10-01","passed","2026-10-01","CJM-04 | Форма заказа","14-order-cjm.spec.ts","",""
"","451","TC-API-10 | GET /products/{slug} с валидным slug возвращает 200 @major","Mobile Chrome","2026-10-01","passed","2026-10-01","API-эндпоинты (smoke)","09-api.spec.ts","",""
"","3100","TC-CAT-04 | Карточка товара: изображение, название, цена @major","Desktop Chrome","2026-10-01","passed","2026-10-01","Каталог товаров","02-catalog.spec.ts","",""
"","3103","TC-ACC-10 | Статус заказа отображается цветным бейджем @major","Desktop Chrome","2026-10-01","passed","2026-10-01","Личный кабинет","06-account.spec.ts","",""
"","5382","TC-ACC-13 | Фильтр истории бонусов работает @major","Desktop Chrome","2026-10-01","passed","2026-10-01","Личный кабинет","06-account.spec.ts","",""
"","6415","ТК-20b | API /auth/user не возвращает хэш пароля @major","Desktop Chrome","2026-10-01","passed","2026-10-01","SEC-AUTH | Аутентификация","13-security-pentest.spec.ts","",""
"","1796","TC-CAT-20 | Несуществующая категория не вызывает 500-ошибку @major","Mobile Chrome","2026-10-01","passed","2026-10-01","Каталог товаров","02-catalog.spec.ts","",""
"","3863","TC-SCH-02 | Schema.org тип Product корректен @minor","Desktop Chrome","2026-10-01","passed","2026-10-01","Schema.org разметка и рейтинг","17-schema-and-rating.spec.ts","",""
"","3954","TC-CAT-17 | Сортировка по цене (убывание) через URL @major","Desktop Chrome","2026-10-01","passed","2026-10-01","Каталог товаров","02-catalog.spec.ts","",""
"","1433","TC-PROD-08 | Выбор опции обновляет цену или доступность @major","Mobile Chrome","2026-10-01","passed","2026-10-01","Страница товара","03-product.spec.ts","",""
"","7494","TC-SMS-08 | Кнопка ""Изменить номер"" возвращает к полю телефона @major","Desktop Chrome","2026-10-01","passed","2026-10-01","SMS/OTP авторизация","18-sms-auth.spec.ts","",""
"","251","TC-1C-21 | POST file: загрузка catalog XML возвращает success @major","Desktop Chrome","2026-10-01","passed","2026-10-01","1C CommerceML — Загрузка файлов (catalog)","12-1c-integration.spec.ts","",""
"","2125","TC-HOME-06 | Футер содержит контактную информацию @critical","Desktop Chrome","2026-10-01","passed","2026-10-01","Главная страница","01-home.spec.ts","",""
"","4011","TC-SCH-03 | Schema содержит name, price, priceCurrency @minor","Mobile Chrome","2026-10-01","failed","2026-10-01","Schema.org разметка и рейтинг","17-schema-and-rating.spec.ts","",""
"","2433","TC-AUTH-03 | Auth-модал закрывается кликом на оверлей @critical","Mobile Chrome","2026-10-01","passed","2026-10-01","Авторизация и регистрация","05-auth.spec.ts","",""
"","286","TC-API-02 | GET /products?per_page=6 возвращает не более 6 товаров @major","Desktop Chrome","2026-10-01","passed","2026-10-01","API-эндпоинты (smoke)","09-api.spec.ts","",""
"","2930","CJM-01-02 | Поиск по названию сужает список товаров @major","Desktop Chrome","2026-10-01","passed","2026-10-01","CJM-01 | Обнаружение товара","14-order-cjm.spec.ts","",""
"","3616","TC-RESP-10 | Все видимые изображения загрузились без ошибок @minor","Mobile Chrome","2026-10-01","passed","2026-10-01","Адаптивность и производительность","10-responsive.spec.ts","",""
"","1957","TC-CAT-22 | Скелетон-плейсхолдер показывается при загрузке @major","Desktop Chrome","2026-10-01","passed","2026-10-01","Каталог товаров","02-catalog.spec.ts","",""
"","665","ТК-11 | TLS: ответ сервера использует HTTPS @major","Desktop Chrome","2026-10-01","passed","2026-10-01","SEC-RECON | Разведка и поверхность атаки","13-security-pentest.spec.ts","",""
"","3655","TC-PAY-04 | /payment/result без флага redirect_allowed перенаправляет @critical","Mobile Chrome","2026-10-01","passed","2026-10-01","Платёжный flow","11-payment-flow.spec.ts","",""
"","2412","TC-PROD-02 | Название товара отображается в h1 @major","Mobile Chrome","2026-10-01","passed","2026-10-01","Страница товара","03-product.spec.ts","",""
"","391","TC-PAY-07 | POST /payment/{order}/refund без авторизации возвращает 401 @critical","Desktop Chrome","2026-10-01","passed","2026-10-01","Платёжный flow","11-payment-flow.spec.ts","",""
"","3719","TC-PAY-18 | Нулевая сумма заказа отклоняется @critical","Mobile Chrome","2026-10-01","passed","2026-10-01","Платёжный flow","11-payment-flow.spec.ts","",""
"","1866","TC-PAY-21 | Страница /payment содержит информацию о способах оплаты @critical","Desktop Chrome","2026-10-01","passed","2026-10-01","Платёжный flow","11-payment-flow.spec.ts","",""
"","4785","TC-SCH-05 | Organization schema присутствует на главной странице @minor","Desktop Chrome","2026-10-01","passed","2026-10-01","Schema.org разметка и рейтинг","17-schema-and-rating.spec.ts","",""
"","2654","ТК-64 | Секреты не попадают в публичный JS-бандл @major","Desktop Chrome","2026-10-01","passed","2026-10-01","SEC-INFRA | Инфраструктура","13-security-pentest.spec.ts","",""
"","1794","TC-CAT-03 | Пагинация — кнопка «Показать ещё» загружает следующую страницу @major","Desktop Chrome","2026-10-01","passed","2026-10-01","Каталог товаров","02-catalog.spec.ts","",""
"","3499","TC-CAT-19 | Переход в категорию через URL работает @major","Mobile Chrome","2026-10-01","passed","2026-10-01","Каталог товаров","02-catalog.spec.ts","",""
"","237","TC-API-19 | POST /checkout с пустыми items возвращает 422 @major","Mobile Chrome","2026-10-01","passed","2026-10-01","API-эндпоинты (smoke)","09-api.spec.ts","",""
"","4529","TC-SMS-12 | Форма SMS корректно отображается на мобильном viewport @major","Desktop Chrome","2026-10-01","passed","2026-10-01","SMS/OTP авторизация","18-sms-auth.spec.ts","",""
"","2600","CJM-01-04 | Страница товара показывает название и цену @major","Mobile Chrome","2026-10-01","passed","2026-10-01","CJM-01 | Обнаружение товара","14-order-cjm.spec.ts","",""
"","7314","TC-AUTH-08 | Выход очищает сессию @critical","Desktop Chrome","2026-10-01","passed","2026-10-01","Авторизация и регистрация","05-auth.spec.ts","",""
"","2267","TC-HOME-13 | Секция категорий отображается @critical","Mobile Chrome","2026-10-01","passed","2026-10-01","Главная страница","01-home.spec.ts","",""
"","2641","TC-PROD-01 | Страница товара загружается @major","Desktop Chrome","2026-10-01","passed","2026-10-01","Страница товара","03-product.spec.ts","",""
"","5781","TC-ADDR-02 | Страница /account/addresses загружается без ошибок @major","Desktop Chrome","2026-10-01","passed","2026-10-01","Адреса доставки","16-addresses.spec.ts","",""
"","2280","TC-PROD-04 | Галерея изображений загружается @major","Mobile Chrome","2026-10-01","passed","2026-10-01","Страница товара","03-product.spec.ts","",""
"","166","ТК-02 | .env не содержит секретов (backend) @major","Desktop Chrome","2026-10-01","passed","2026-10-01","SEC-RECON | Разведка и поверхность атаки","13-security-pentest.spec.ts","",""
"","297","ТК-14 | Security headers присутствуют на backend @major","Desktop Chrome","2026-10-01","passed","2026-10-01","SEC-RECON | Разведка и поверхность атаки","13-security-pentest.spec.ts","",""
"","10260","TC-SMS-10 | Успешная верификация (mock 200 с user) → пользователь авторизован @major","Desktop Chrome","2026-10-01","failed","2026-10-01","SMS/OTP авторизация","18-sms-auth.spec.ts","",""
"","3787","TC-CART-10 | Поле промокода присутствует на странице оформления @major","Mobile Chrome","2026-10-01","failed","2026-10-01","Корзина","04-cart.spec.ts","",""
"","4531","TC-SCH-04 | Schema содержит availability (InStock или OutOfStock) @minor","Desktop Chrome","2026-10-01","failed","2026-10-01","Schema.org разметка и рейтинг","17-schema-and-rating.spec.ts","",""
"","1163","TC-1C-80 | Полный цикл catalog: checkauth → init → file → import @major","Desktop Chrome","2026-10-01","passed","2026-10-01","1C CommerceML — Полный цикл интеграции","12-1c-integration.spec.ts","",""
"","298","TC-API-14 | GET /delivery/cities возвращает 200 @major","Mobile Chrome","2026-10-01","passed","2026-10-01","API-эндпоинты (smoke)","09-api.spec.ts","",""
"","2721","TC-CART-02 | Товар добавляется в корзину @major","Mobile Chrome","2026-10-01","failed","2026-10-01","Корзина","04-cart.spec.ts","",""
"","267","TC-PAY-07 | POST /payment/{order}/refund без авторизации возвращает 401 @critical","Mobile Chrome","2026-10-01","passed","2026-10-01","Платёжный flow","11-payment-flow.spec.ts","",""
"","4160","TC-HOME-04 | Иконка корзины видна в хедере @critical","Mobile Chrome","2026-10-01","passed","2026-10-01","Главная страница","01-home.spec.ts","",""
"","3433","TC-ACC-05 | Форма смены пароля присутствует @major","Mobile Chrome","2026-10-01","passed","2026-10-01","Личный кабинет","06-account.spec.ts","",""
"","1639","TC-API-22 | GET /products?search=<script> не выполняет XSS @major","Mobile Chrome","2026-10-01","passed","2026-10-01","API-эндпоинты (smoke)","09-api.spec.ts","",""
"","255","TC-1C-30 | import classifier создаёт/обновляет категории @major","Desktop Chrome","2026-10-01","passed","2026-10-01","1C CommerceML — Импорт каталога","12-1c-integration.spec.ts","",""
"","3130","TC-ACC-03 | Страница личных данных загружается @major","Desktop Chrome","2026-10-01","passed","2026-10-01","Личный кабинет","06-account.spec.ts","",""
"","2326","TC-HOME-18 | Страница не показывает «Что-то пошло не так» @critical","Mobile Chrome","2026-10-01","passed","2026-10-01","Главная страница","01-home.spec.ts","",""
"","4383","TC-CART-04 | Корзина сохраняется после перезагрузки страницы @major","Desktop Chrome","2026-10-01","failed","2026-10-01","Корзина","04-cart.spec.ts","",""
"","2101","TC-CAT-07 | URL-параметр search сохраняется при переходе @major","Desktop Chrome","2026-10-01","passed","2026-10-01","Каталог товаров","02-catalog.spec.ts","",""
"","242","ТК-65b | 500 ошибка не раскрывает stack trace @major","Desktop Chrome","2026-10-01","passed","2026-10-01","SEC-INFRA | Инфраструктура","13-security-pentest.spec.ts","",""
"","4828","TC-ADDR-04 | Клик на ""Добавить адрес"" показывает форму с полями @major","Desktop Chrome","2026-10-01","passed","2026-10-01","Адреса доставки","16-addresses.spec.ts","",""
"","8816","TC-SMS-09 | Ввод неверного кода показывает ошибку (mock 422 от verify-otp) @major","Desktop Chrome","2026-10-01","passed","2026-10-01","SMS/OTP авторизация","18-sms-auth.spec.ts","",""
"","7133","TC-SMS-11 | Переключатель ""По паролю"" возвращает обычную форму @major","Mobile Chrome","2026-10-01","passed","2026-10-01","SMS/OTP авторизация","18-sms-auth.spec.ts","",""
"","246","CJM-05-04 | Невалидный city_code не вызывает 500 @major","Desktop Chrome","2026-10-01","passed","2026-10-01","CJM-05 | API доставки","14-order-cjm.spec.ts","",""
"","3355","TC-COK-04 | Баннер содержит ссылку на политику конфиденциальности @major","Mobile Chrome","2026-10-01","passed","2026-10-01","Cookie Consent баннер","19-cookie.spec.ts","",""
"","8344","TC-ADDR-03 | На странице есть кнопка ""Добавить адрес"" @major","Desktop Chrome","2026-10-01","passed","2026-10-01","Адреса доставки","16-addresses.spec.ts","",""
"","3490","TC-COK-03 | Баннер содержит кнопку ""Отказаться"" или ссылку @major","Mobile Chrome","2026-10-01","passed","2026-10-01","Cookie Consent баннер","19-cookie.spec.ts","",""
"","2254","TC-PAGE-08 | Страница оплаты загружается @minor","Desktop Chrome","2026-10-01","passed","2026-10-01","Статические страницы","08-pages.spec.ts","",""
"","1633","CJM-01-06 | Переключение фото в галерее работает @major","Mobile Chrome","2026-10-01","passed","2026-10-01","CJM-01 | Обнаружение товара","14-order-cjm.spec.ts","",""
"","3852","TC-PAGE-02 | На странице контактов отображается карта @minor","Mobile Chrome","2026-10-01","passed","2026-10-01","Статические страницы","08-pages.spec.ts","",""
"","1561","TC-PROD-10 | Количество ограничено стоком @major","Mobile Chrome","2026-10-01","passed","2026-10-01","Страница товара","03-product.spec.ts","",""
"","5376","TC-SMS-02 | Клик на ""Войти по SMS"" показывает форму с полем телефона @major","Mobile Chrome","2026-10-01","passed","2026-10-01","SMS/OTP авторизация","18-sms-auth.spec.ts","",""
"","11393","CJM-03-06 | Поле промокода присутствует в корзине @major","Desktop Chrome","2026-10-01","passed","2026-10-01","CJM-03 | Управление корзиной","14-order-cjm.spec.ts","",""
"","754","TC-1C-33 | После import catalog: товар TEST-001 доступен в API @major","Desktop Chrome","2026-10-01","passed","2026-10-01","1C CommerceML — Импорт каталога","12-1c-integration.spec.ts","",""
"","13676","CJM-03-02 | Кнопка «+» увеличивает количество @major","Desktop Chrome","2026-10-01","passed","2026-10-01","CJM-03 | Управление корзиной","14-order-cjm.spec.ts","",""
"","2351","CJM-01-05 | Галерея изображений на странице товара @major","Mobile Chrome","2026-10-01","passed","2026-10-01","CJM-01 | Обнаружение товара","14-order-cjm.spec.ts","",""
"","12509","CJM-02-01 | Кнопка «В корзину» видима и активна @major","Mobile Chrome","2026-10-01","failed","2026-10-01","CJM-02 | Добавление в корзину","14-order-cjm.spec.ts","",""
"","6582","ТК-28 | IDOR: чужой заказ по ID недоступен (API) @major","Desktop Chrome","2026-10-01","passed","2026-10-01","SEC-IDOR | Авторизация и IDOR","13-security-pentest.spec.ts","",""
"","5648","TC-HOME-03 | Навигация содержит ссылки на каталог и другие разделы @critical","Mobile Chrome","2026-10-01","passed","2026-10-01","Главная страница","01-home.spec.ts","",""
"","1855","TC-PAY-05 | PaymentRedirectOverlay не отображается на каталоге @critical","Desktop Chrome","2026-10-01","passed","2026-10-01","Платёжный flow","11-payment-flow.spec.ts","",""
"","210","CJM-05-05 | Тариф доставки рассчитывается для Нижнего @major","Mobile Chrome","2026-10-01","passed","2026-10-01","CJM-05 | API доставки","14-order-cjm.spec.ts","",""
"","283","TC-API-01 | GET /products возвращает 200 и список товаров @major","Mobile Chrome","2026-10-01","passed","2026-10-01","API-эндпоинты (smoke)","09-api.spec.ts","",""
"","1822","TC-PROD-09 | Можно изменить количество товара @major","Desktop Chrome","2026-10-01","passed","2026-10-01","Страница товара","03-product.spec.ts","",""
"","3958","TC-PAY-02 | /payment/result без order_id перенаправляет или не крашится @critical","Desktop Chrome","2026-10-01","passed","2026-10-01","Платёжный flow","11-payment-flow.spec.ts","",""
"","5854","TC-ACC-07 | Поле выбора города работает @major","Desktop Chrome","2026-10-01","passed","2026-10-01","Личный кабинет","06-account.spec.ts","",""
"","2078","TC-PAY-22 | /account/orders показывает статус оплаты заказов @critical","Mobile Chrome","2026-10-01","passed","2026-10-01","Платёжный flow","11-payment-flow.spec.ts","",""
"","3516","TC-PAY-08 | GET /payment/{order}/status с авторизацией возвращает статус @critical","Mobile Chrome","2026-10-01","passed","2026-10-01","Платёжный flow","11-payment-flow.spec.ts","",""
"","215","CJM-05-04 | Невалидный city_code не вызывает 500 @major","Mobile Chrome","2026-10-01","passed","2026-10-01","CJM-05 | API доставки","14-order-cjm.spec.ts","",""
"","12718","TC-SMS-10 | Успешная верификация (mock 200 с user) → пользователь авторизован @major","Mobile Chrome","2026-10-01","failed","2026-10-01","SMS/OTP авторизация","18-sms-auth.spec.ts","",""
"","2437","TC-CAT-11 | Панель фильтров открывается @major","Desktop Chrome","2026-10-01","passed","2026-10-01","Каталог товаров","02-catalog.spec.ts","",""
"","5816","ТК-44 | Одноразовый промокод нельзя применить дважды @major","Desktop Chrome","2026-10-01","passed","2026-10-01","SEC-BIZ | Бизнес-логика","13-security-pentest.spec.ts","",""
"","269","TC-API-06 | GET /products?badge=new возвращает 200 @major","Desktop Chrome","2026-10-01","passed","2026-10-01","API-эндпоинты (smoke)","09-api.spec.ts","",""
"","3790","TC-CHK-05 | Выбор «Самовывоз» не требует адреса @critical","Desktop Chrome","2026-10-01","passed","2026-10-01","Оформление заказа","07-checkout.spec.ts","",""
"","5674","TC-HOME-12 | Клик на карточку товара ведёт на страницу товара @critical","Mobile Chrome","2026-10-01","passed","2026-10-01","Главная страница","01-home.spec.ts","",""
"","1969","TC-PAGE-16 | Ссылка на доставку в футере работает @minor","Mobile Chrome","2026-10-01","passed","2026-10-01","Статические страницы","08-pages.spec.ts","",""
"","6035","ТК-20 | После logout сессия инвалидируется (магазин) @major","Desktop Chrome","2026-10-01","passed","2026-10-01","SEC-AUTH | Аутентификация","13-security-pentest.spec.ts","",""
"","1849","TC-PAGE-11 | Страница пользовательского соглашения загружается @minor","Mobile Chrome","2026-10-01","passed","2026-10-01","Статические страницы","08-pages.spec.ts","",""
"","1736","TC-AUTH-05 | Неверные учётные данные показывают сообщение об ошибке @critical","Mobile Chrome","2026-10-01","passed","2026-10-01","Авторизация и регистрация","05-auth.spec.ts","",""
"","2595","TC-PROD-02 | Название товара отображается в h1 @major","Desktop Chrome","2026-10-01","passed","2026-10-01","Страница товара","03-product.spec.ts","",""
"","2523","TC-CAT-10 | Несуществующий поиск показывает пустое состояние @major","Mobile Chrome","2026-10-01","passed","2026-10-01","Каталог товаров","02-catalog.spec.ts","",""
"","2420","TC-CAT-15 | Дропдаун сортировки присутствует @major","Desktop Chrome","2026-10-01","passed","2026-10-01","Каталог товаров","02-catalog.spec.ts","",""
"","285","TC-API-13 | GET /auth/user без авторизации возвращает 401 @major","Desktop Chrome","2026-10-01","passed","2026-10-01","API-эндпоинты (без авторизации)","09-api.spec.ts","",""
"","207","TC-API-13 | GET /auth/user без авторизации возвращает 401 @major","Mobile Chrome","2026-10-01","passed","2026-10-01","API-эндпоинты (без авторизации)","09-api.spec.ts","",""
"","5081","TC-AUTH-10 | /payment/result перенаправляет без авторизации @critical","Desktop Chrome","2026-10-01","passed","2026-10-01","Авторизация и регистрация","05-auth.spec.ts","",""
"","1775","TC-VK-07 | VK кнопка отображается и на мобильном viewport @major","Desktop Chrome","2026-10-01","passed","2026-10-01","VK авторизация","15-vk-auth.spec.ts","",""
"","3436","TC-ACC-04 | Форма личных данных содержит поля ФИО и email @major","Mobile Chrome","2026-10-01","passed","2026-10-01","Личный кабинет","06-account.spec.ts","",""
"","3220","TC-CAT-05 | Клик на карточку открывает страницу товара @major","Desktop Chrome","2026-10-01","passed","2026-10-01","Каталог товаров","02-catalog.spec.ts","",""
"","5790","TC-HOME-14 | Ссылка «В каталог» ведёт на /catalog @critical","Mobile Chrome","2026-10-01","passed","2026-10-01","Главная страница","01-home.spec.ts","",""
"","3104","TC-ADDR-03 | На странице есть кнопка ""Добавить адрес"" @major","Mobile Chrome","2026-10-01","passed","2026-10-01","Адреса доставки","16-addresses.spec.ts","",""
"","6306","TC-SMS-03 | Форма содержит поле для ввода номера телефона @major","Desktop Chrome","2026-10-01","passed","2026-10-01","SMS/OTP авторизация","18-sms-auth.spec.ts","",""
"","252","TC-1C-56 | POST file с order status XML возвращает success @major","Desktop Chrome","2026-10-01","passed","2026-10-01","1C CommerceML — Обмен заказами (sale)","12-1c-integration.spec.ts","",""
"","2543","TC-PERF-01 | Главная страница загружается быстрее 10 секунд @minor","Mobile Chrome","2026-10-01","passed","2026-10-01","Адаптивность и производительность","10-responsive.spec.ts","",""
"","2037","TC-VK-06 | На странице логина присутствует разделитель ""или"" между формой и VK кнопкой @major","Mobile Chrome","2026-10-01","passed","2026-10-01","VK авторизация","15-vk-auth.spec.ts","",""
"","3772","TC-CHK-03 | Телефон форматируется в +7(XXX)XXX-XX-XX @critical","Desktop Chrome","2026-10-01","passed","2026-10-01","Оформление заказа","07-checkout.spec.ts","",""
"","2304","CJM-06-03 | Статус заказа отображается @major","Mobile Chrome","2026-10-01","passed","2026-10-01","CJM-06 | Статус и история заказов","14-order-cjm.spec.ts","",""
"","5227","TC-RESP-20 | Главная страница не выбрасывает JavaScript ошибок в консоль @minor","Mobile Chrome","2026-10-01","passed","2026-10-01","Адаптивность и производительность","10-responsive.spec.ts","",""
"","5449","TC-COK-08 | Баннер зафиксирован внизу страницы (fixed position) @major","Mobile Chrome","2026-10-01","passed","2026-10-01","Cookie Consent баннер","19-cookie.spec.ts","",""
"","6472","TC-HOME-14 | Ссылка «В каталог» ведёт на /catalog @critical","Desktop Chrome","2026-10-01","passed","2026-10-01","Главная страница","01-home.spec.ts","",""
"","322","TC-PAY-17 | Webhook с невалидной подписью отклоняется @critical","Desktop Chrome","2026-10-01","passed","2026-10-01","Платёжный flow","11-payment-flow.spec.ts","",""
"","3962","TC-CAT-16 | Сортировка по цене (возрастание) через URL @major","Desktop Chrome","2026-10-01","passed","2026-10-01","Каталог товаров","02-catalog.spec.ts","",""
"","6552","CJM-04-07 | Выбор самовывоза скрывает поле адреса @major","Desktop Chrome","2026-10-01","passed","2026-10-01","CJM-04 | Форма заказа","14-order-cjm.spec.ts","",""
"","4315","TC-CART-09 | Неавторизованный пользователь видит форму входа в корзине @major","Desktop Chrome","2026-10-01","passed","2026-10-01","Корзина","04-cart.spec.ts","",""
"","19631","CJM-04-06 | Способы доставки отображаются @major","Mobile Chrome","2026-10-01","failed","2026-10-01","CJM-04 | Форма заказа","14-order-cjm.spec.ts","",""
"","244","TC-1C-04 | checkauth без авторизации возвращает failure @major","Desktop Chrome","2026-10-01","passed","2026-10-01","1C CommerceML — Аутентификация","12-1c-integration.spec.ts","",""
"","2629","CJM-02-05 | Корзина: иконка в хедере — быстрый переход на /cart @major","Mobile Chrome","2026-10-01","passed","2026-10-01","CJM-02 | Добавление в корзину","14-order-cjm.spec.ts","",""
"","5248","TC-SCH-06 | Organization schema содержит name и url @minor","Mobile Chrome","2026-10-01","passed","2026-10-01","Schema.org разметка и рейтинг","17-schema-and-rating.spec.ts","",""
"","3275","TC-CAT-13 | Фильтр по badge=sale работает через URL @major","Desktop Chrome","2026-10-01","passed","2026-10-01","Каталог товаров","02-catalog.spec.ts","",""
"","407","CJM-05-01 | API /delivery/cities возвращает список городов @major","Desktop Chrome","2026-10-01","passed","2026-10-01","CJM-05 | API доставки","14-order-cjm.spec.ts","",""
"","1703","TC-AUTH-06 | Email некорректного формата показывает ошибку валидации @critical","Mobile Chrome","2026-10-01","passed","2026-10-01","Авторизация и регистрация","05-auth.spec.ts","",""
"","2011","TC-PAGE-15 | Ссылка на политику в футере работает @minor","Mobile Chrome","2026-10-01","passed","2026-10-01","Статические страницы","08-pages.spec.ts","",""
"","6410","CJM-06-06 | Заказ другого пользователя недоступен по ID @major","Desktop Chrome","2026-10-01","passed","2026-10-01","CJM-06 | Статус и история заказов","14-order-cjm.spec.ts","",""
"","230","ТК-38 | Loyalty: списание баллов требует авторизации @major","Desktop Chrome","2026-10-01","passed","2026-10-01","SEC-BIZ | Бизнес-логика","13-security-pentest.spec.ts","",""
"","3809","TC-PAY-20 | Использование бонусов больше баланса отклоняется @critical","Mobile Chrome","2026-10-01","passed","2026-10-01","Платёжный flow","11-payment-flow.spec.ts","",""
"","4398","TC-PAY-19 | Отрицательная сумма заказа отклоняется @critical","Mobile Chrome","2026-10-01","passed","2026-10-01","Платёжный flow","11-payment-flow.spec.ts","",""
"","233","ТК-37 | Loyalty: начисление баллов требует авторизации @major","Desktop Chrome","2026-10-01","passed","2026-10-01","SEC-BIZ | Бизнес-логика","13-security-pentest.spec.ts","",""
"","1825","TC-PROD-08 | Выбор опции обновляет цену или доступность @major","Desktop Chrome","2026-10-01","passed","2026-10-01","Страница товара","03-product.spec.ts","",""
"","2032","TC-CAT-21 | Карточки с badge показывают метку (NEW/SALE/HIT) @major","Desktop Chrome","2026-10-01","passed","2026-10-01","Каталог товаров","02-catalog.spec.ts","",""
"","2422","TC-CAT-02 | Отображается счётчик товаров «Показано X из Y» @major","Desktop Chrome","2026-10-01","passed","2026-10-01","Каталог товаров","02-catalog.spec.ts","",""
"","687","TC-API-21 | Все API-ответы имеют Content-Type: application/json @major","Mobile Chrome","2026-10-01","passed","2026-10-01","API-эндпоинты (smoke)","09-api.spec.ts","",""
"","4999","TC-ACC-14 | Страница избранного загружается @major","Desktop Chrome","2026-10-01","passed","2026-10-01","Личный кабинет","06-account.spec.ts","",""
"","3953","TC-ACC-05 | Форма смены пароля присутствует @major","Desktop Chrome","2026-10-01","passed","2026-10-01","Личный кабинет","06-account.spec.ts","",""
"","2968","CJM-04-03 | Поле телефона принимает российский формат @major","Mobile Chrome","2026-10-01","passed","2026-10-01","CJM-04 | Форма заказа","14-order-cjm.spec.ts","",""
"","3045","CJM-01-05 | Галерея изображений на странице товара @major","Desktop Chrome","2026-10-01","passed","2026-10-01","CJM-01 | Обнаружение товара","14-order-cjm.spec.ts","",""
"","766","TC-1C-82 | Полный цикл sale import: checkauth → file → import (статус заказа) @major","Desktop Chrome","2026-10-01","passed","2026-10-01","1C CommerceML — Полный цикл интеграции","12-1c-integration.spec.ts","",""
"","1856","TC-PAGE-10 | Страница политики конфиденциальности загружается @minor","Mobile Chrome","2026-10-01","passed","2026-10-01","Статические страницы","08-pages.spec.ts","",""
"","4885","TC-ADDR-06 | Отправка пустой формы показывает ошибки валидации @major","Mobile Chrome","2026-10-01","passed","2026-10-01","Адреса доставки","16-addresses.spec.ts","",""
"","1539","TC-RESP-31 | Прямая ссылка на каталог с фильтрами восстанавливает состояние @minor","Mobile Chrome","2026-10-01","passed","2026-10-01","Адаптивность и производительность","10-responsive.spec.ts","",""
"","5155","CJM-07-04 | Очень большое количество товара ограничивается @major","Desktop Chrome","2026-10-01","passed","2026-10-01","CJM-07 | Edge cases и граничные сценарии","14-order-cjm.spec.ts","",""
"","250","TC-PAY-16 | Webhook Уралсиб без подписи отклоняется @critical","Desktop Chrome","2026-10-01","passed","2026-10-01","Платёжный flow","11-payment-flow.spec.ts","",""
"","246","TC-1C-38 | import с несуществующим filename возвращает failure @major","Desktop Chrome","2026-10-01","passed","2026-10-01","1C CommerceML — Импорт каталога","12-1c-integration.spec.ts","",""
"","2375","CJM-01-01 | Пользователь заходит на каталог и видит товары @major","Mobile Chrome","2026-10-01","passed","2026-10-01","CJM-01 | Обнаружение товара","14-order-cjm.spec.ts","",""
"","1876","TC-VK-03 | Клик по кнопке VK открывает VK ID виджет или меняет состояние кнопки @major","Desktop Chrome","2026-10-01","skipped","2026-10-01","VK авторизация","15-vk-auth.spec.ts","",""
"","3918","TC-PAGE-01 | Страница контактов загружается @minor","Mobile Chrome","2026-10-01","passed","2026-10-01","Статические страницы","08-pages.spec.ts","",""
"","2252","TC-PROD-12 | QuickView-модал открывается из карточки в каталоге @major","Mobile Chrome","2026-10-01","passed","2026-10-01","Страница товара","03-product.spec.ts","",""
"","2350","TC-HOME-02 | Логотип ХК Торпедо отображается в хедере @critical","Mobile Chrome","2026-10-01","passed","2026-10-01","Главная страница","01-home.spec.ts","",""
"","8783","TC-SMS-09 | Ввод неверного кода показывает ошибку (mock 422 от verify-otp) @major","Mobile Chrome","2026-10-01","passed","2026-10-01","SMS/OTP авторизация","18-sms-auth.spec.ts","",""
"","1774","TC-PAGE-06 | Страница доставки содержит информацию о СДЭК @minor","Mobile Chrome","2026-10-01","passed","2026-10-01","Статические страницы","08-pages.spec.ts","",""
"","4638","CJM-02-03 | После добавления счётчик корзины увеличивается @major","Desktop Chrome","2026-10-01","passed","2026-10-01","CJM-02 | Добавление в корзину","14-order-cjm.spec.ts","",""
"","1021","TC-1C-81 | Полный цикл sale: checkauth → init → query → success @major","Desktop Chrome","2026-10-01","passed","2026-10-01","1C CommerceML — Полный цикл интеграции","12-1c-integration.spec.ts","",""
"","3769","TC-COK-03 | Баннер содержит кнопку ""Отказаться"" или ссылку @major","Desktop Chrome","2026-10-01","passed","2026-10-01","Cookie Consent баннер","19-cookie.spec.ts","",""
"","7010","TC-ACC-06 | Смена пароля — несовпадающие пароли дают ошибку @major","Mobile Chrome","2026-10-01","passed","2026-10-01","Личный кабинет","06-account.spec.ts","",""
"","2077","CJM-06-02 | Список заказов содержит дату и сумму @major","Mobile Chrome","2026-10-01","passed","2026-10-01","CJM-06 | Статус и история заказов","14-order-cjm.spec.ts","",""
"","11773","CJM-07-06 | Переход к оплате с неверными данными показывает валидацию @major","Desktop Chrome","2026-10-01","passed","2026-10-01","CJM-07 | Edge cases и граничные сценарии","14-order-cjm.spec.ts","",""
"","18417","TC-PROD-05 | Кнопка «В корзину» или «Добавить в корзину» присутствует @major","Mobile Chrome","2026-10-01","failed","2026-10-01","Страница товара","03-product.spec.ts","",""
"","8381","TC-ADDR-07 | Успешное добавление адреса отображает его в списке @major","Desktop Chrome","2026-10-01","passed","2026-10-01","Адреса доставки","16-addresses.spec.ts","",""
"","3515","CJM-04-09 | Способы оплаты отображаются @major","Mobile Chrome","2026-10-01","passed","2026-10-01","CJM-04 | Форма заказа","14-order-cjm.spec.ts","",""
"","7632","CJM-03-06 | Поле промокода присутствует в корзине @major","Mobile Chrome","2026-10-01","passed","2026-10-01","CJM-03 | Управление корзиной","14-order-cjm.spec.ts","",""
"","5533","TC-COK-07 | Клик ""Отказаться"" также скрывает баннер @major","Desktop Chrome","2026-10-01","passed","2026-10-01","Cookie Consent баннер","19-cookie.spec.ts","",""
"","183","ТК-12 | HSTS заголовок присутствует на prod shop @major","Desktop Chrome","2026-10-01","passed","2026-10-01","SEC-RECON | Разведка и поверхность атаки","13-security-pentest.spec.ts","",""
"","3154","TC-COK-02 | Баннер содержит кнопку ""Принять"" @major","Desktop Chrome","2026-10-01","passed","2026-10-01","Cookie Consent баннер","19-cookie.spec.ts","",""
"","2451","TC-PAGE-15 | Ссылка на политику в футере работает @minor","Desktop Chrome","2026-10-01","passed","2026-10-01","Статические страницы","08-pages.spec.ts","",""
"","1555","TC-CAT-14 | Фильтр по цене — параметры price_min/price_max сохраняются в URL @major","Mobile Chrome","2026-10-01","passed","2026-10-01","Каталог товаров","02-catalog.spec.ts","",""
"","5741","ТК-34 | Mass Assignment: нельзя установить role=admin через API @major","Desktop Chrome","2026-10-01","passed","2026-10-01","SEC-IDOR | Авторизация и IDOR","13-security-pentest.spec.ts","",""
"","2245","TC-HOME-10 | Секция популярных / хитовых товаров загружается @critical","Desktop Chrome","2026-10-01","passed","2026-10-01","Главная страница","01-home.spec.ts","",""
"","4232","TC-PAY-10 | /payment/result показывает статус успешной оплаты (success сценарий) @critical","Mobile Chrome","2026-10-01","passed","2026-10-01","Платёжный flow","11-payment-flow.spec.ts","",""
"","2143","TC-HOME-07 | Hero-слайдер отображается @critical","Desktop Chrome","2026-10-01","passed","2026-10-01","Главная страница","01-home.spec.ts","",""
"","2663","TC-PAGE-16 | Ссылка на доставку в футере работает @minor","Desktop Chrome","2026-10-01","passed","2026-10-01","Статические страницы","08-pages.spec.ts","",""
"","8481","TC-SMS-07 | Отображается countdown таймер (60 секунд) @major","Mobile Chrome","2026-10-01","passed","2026-10-01","SMS/OTP авторизация","18-sms-auth.spec.ts","",""
"","2870","TC-RAT-01 | Блок рейтинга отображается на странице товара @minor","Desktop Chrome","2026-10-01","passed","2026-10-01","Schema.org разметка и рейтинг","17-schema-and-rating.spec.ts","",""
"","3605","TC-CART-08 | Итоговая сумма отображается @major","Mobile Chrome","2026-10-01","failed","2026-10-01","Корзина","04-cart.spec.ts","",""
"","3674","CJM-07-02 | Неавторизованный пользователь видит призыв к входу в корзине @major","Desktop Chrome","2026-10-01","passed","2026-10-01","CJM-07 | Edge cases и граничные сценарии","14-order-cjm.spec.ts","",""
"","7224","TC-SMS-03 | Форма содержит поле для ввода номера телефона @major","Mobile Chrome","2026-10-01","passed","2026-10-01","SMS/OTP авторизация","18-sms-auth.spec.ts","",""
"","3615","CJM-04-10 | Итоговая сумма к оплате отображается @major","Mobile Chrome","2026-10-01","passed","2026-10-01","CJM-04 | Форма заказа","14-order-cjm.spec.ts","",""
"","4671","TC-ACC-14 | Страница избранного загружается @major","Mobile Chrome","2026-10-01","passed","2026-10-01","Личный кабинет","06-account.spec.ts","",""
"","3091","TC-CHK-10 | Чекбокс «Потратить бонусы» присутствует @critical","Mobile Chrome","2026-10-01","passed","2026-10-01","Оформление заказа","07-checkout.spec.ts","",""
"","7101","TC-SMS-07 | Отображается countdown таймер (60 секунд) @major","Desktop Chrome","2026-10-01","passed","2026-10-01","SMS/OTP авторизация","18-sms-auth.spec.ts","",""
"","3072","CJM-04-11 | Поле комментария к заказу присутствует @major","Mobile Chrome","2026-10-01","passed","2026-10-01","CJM-04 | Форма заказа","14-order-cjm.spec.ts","",""
"","520","TC-1C-39 | import невалидного XML возвращает failure @major","Desktop Chrome","2026-10-01","passed","2026-10-01","1C CommerceML — Импорт каталога","12-1c-integration.spec.ts","",""
"","2098","TC-RAT-02 | Рейтинг отображается иконками (puck/звёзды) @minor","Mobile Chrome","2026-10-01","passed","2026-10-01","Schema.org разметка и рейтинг","17-schema-and-rating.spec.ts","",""
"","2112","TC-PAY-13 | PaymentRedirectOverlay не отображается на главной @critical","Mobile Chrome","2026-10-01","passed","2026-10-01","Платёжный flow","11-payment-flow.spec.ts","",""
"","3474","TC-ACC-17 | Страница абонементов загружается @major","Mobile Chrome","2026-10-01","passed","2026-10-01","Личный кабинет","06-account.spec.ts","",""
"","1828","TC-PAGE-09 | Страница оплаты содержит информацию о способах оплаты @minor","Desktop Chrome","2026-10-01","passed","2026-10-01","Статические страницы","08-pages.spec.ts","",""
"","4130","TC-CAT-06 | Поиск по запросу показывает результаты @major","Desktop Chrome","2026-10-01","passed","2026-10-01","Каталог товаров","02-catalog.spec.ts","",""
"","2430","TC-ACC-02 | Боковая навигация кабинета отображается @major","Mobile Chrome","2026-10-01","passed","2026-10-01","Личный кабинет","06-account.spec.ts","",""
"","5287","TC-HOME-08 | Кнопки навигации слайдера присутствуют @critical","Mobile Chrome","2026-10-01","passed","2026-10-01","Главная страница","01-home.spec.ts","",""
"","2142","TC-AUTH-02 | Auth-модал закрывается по Escape @critical","Desktop Chrome","2026-10-01","passed","2026-10-01","Авторизация и регистрация","05-auth.spec.ts","",""
"","331","TC-AUTH-11 | Public-key endpoint возвращает RSA-ключ @critical","Desktop Chrome","2026-10-01","passed","2026-10-01","Авторизация и регистрация","05-auth.spec.ts","",""
"","2049","TC-PAGE-04 | Контактная информация (адрес, телефон) отображается @minor","Desktop Chrome","2026-10-01","passed","2026-10-01","Статические страницы","08-pages.spec.ts","",""
"","2563","TC-PROD-04 | Галерея изображений загружается @major","Desktop Chrome","2026-10-01","passed","2026-10-01","Страница товара","03-product.spec.ts","",""
"","3113","CJM-01-03 | Клик на карточку переходит на страницу товара @major","Mobile Chrome","2026-10-01","passed","2026-10-01","CJM-01 | Обнаружение товара","14-order-cjm.spec.ts","",""
"","2746","TC-PROD-06 | Кнопка «Избранное» (сердечко) присутствует @major","Mobile Chrome","2026-10-01","passed","2026-10-01","Страница товара","03-product.spec.ts","",""
"","11347","TC-ADDR-11 | Кнопка ""Выйти со всех устройств"" присутствует в профиле @major","Desktop Chrome","2026-10-01","passed","2026-10-01","Адреса доставки","16-addresses.spec.ts","",""
"","3465","TC-PAY-19 | Отрицательная сумма заказа отклоняется @critical","Desktop Chrome","2026-10-01","passed","2026-10-01","Платёжный flow","11-payment-flow.spec.ts","",""
"","776","TC-1C-34 | import offers создаёт варианты товара @major","Desktop Chrome","2026-10-01","passed","2026-10-01","1C CommerceML — Импорт каталога","12-1c-integration.spec.ts","",""
"","2598","TC-PAY-22 | /account/orders показывает статус оплаты заказов @critical","Desktop Chrome","2026-10-01","passed","2026-10-01","Платёжный flow","11-payment-flow.spec.ts","",""
"","4528","TC-PAY-11 | /payment/result с status=fail показывает ошибку оплаты @critical","Mobile Chrome","2026-10-01","passed","2026-10-01","Платёжный flow","11-payment-flow.spec.ts","",""
"","812","TC-1C-55 | После query+success заказы не возвращаются повторно @major","Desktop Chrome","2026-10-01","passed","2026-10-01","1C CommerceML — Обмен заказами (sale)","12-1c-integration.spec.ts","",""
"","1972","TC-CAT-09 | Поиск спецсимволами не вызывает ошибку @major","Desktop Chrome","2026-10-01","passed","2026-10-01","Каталог товаров","02-catalog.spec.ts","",""
"","3952","TC-CHK-12 | API /delivery/pickup-points требует city_code @critical","Desktop Chrome","2026-10-01","passed","2026-10-01","Оформление заказа","07-checkout.spec.ts","",""
"","4289","TC-PAY-09 | GET /payment/{order}/status для чужого заказа возвращает 403/404 @critical","Mobile Chrome","2026-10-01","passed","2026-10-01","Платёжный flow","11-payment-flow.spec.ts","",""
"","5196","TC-SCH-05 | Organization schema присутствует на главной странице @minor","Mobile Chrome","2026-10-01","passed","2026-10-01","Schema.org разметка и рейтинг","17-schema-and-rating.spec.ts","",""
"","5464","CJM-06-05 | API GET /shop/orders с auth возвращает список @major","Desktop Chrome","2026-10-01","passed","2026-10-01","CJM-06 | Статус и история заказов","14-order-cjm.spec.ts","",""
"","792","ТК-48 | SQL Injection в поиске пользователей не вызывает 500 @major","Desktop Chrome","2026-10-01","passed","2026-10-01","SEC-INJECT | Инъекции","13-security-pentest.spec.ts","",""
"","494","TC-1C-10 | init возвращает zip и file_limit @major","Desktop Chrome","2026-10-01","passed","2026-10-01","1C CommerceML — Инициализация","12-1c-integration.spec.ts","",""
"","7617","TC-COK-06 | После принятия — при перезагрузке баннер не показывается @major","Mobile Chrome","2026-10-01","passed","2026-10-01","Cookie Consent баннер","19-cookie.spec.ts","",""
"","6767","CJM-04-02 | Поле имени предзаполнено данными профиля @major","Desktop Chrome","2026-10-01","passed","2026-10-01","CJM-04 | Форма заказа","14-order-cjm.spec.ts","",""
"","1959","TC-PAGE-07 | Страница доставки содержит информацию о самовывозе @minor","Mobile Chrome","2026-10-01","passed","2026-10-01","Статические страницы","08-pages.spec.ts","",""
"","2444","CJM-02-05 | Корзина: иконка в хедере — быстрый переход на /cart @major","Desktop Chrome","2026-10-01","passed","2026-10-01","CJM-02 | Добавление в корзину","14-order-cjm.spec.ts","",""
"","258","TC-1C-12 | init без авторизации всё равно работает (сессия не требуется) @major","Desktop Chrome","2026-10-01","passed","2026-10-01","1C CommerceML — Инициализация","12-1c-integration.spec.ts","",""
"","250","TC-AUTH-11 | Public-key endpoint возвращает RSA-ключ @critical","Mobile Chrome","2026-10-01","passed","2026-10-01","Авторизация и регистрация","05-auth.spec.ts","",""
"","298","TC-API-05 | GET /products?search=торпедо возвращает 200 @major","Desktop Chrome","2026-10-01","passed","2026-10-01","API-эндпоинты (smoke)","09-api.spec.ts","",""
"","2667","TC-RESP-50 | Favicon загружается @minor","Mobile Chrome","2026-10-01","passed","2026-10-01","Адаптивность и производительность","10-responsive.spec.ts","",""
"","3764","TC-CART-04 | Корзина сохраняется после перезагрузки страницы @major","Mobile Chrome","2026-10-01","failed","2026-10-01","Корзина","04-cart.spec.ts","",""
"","1699","TC-VK-02 | Кнопка ""Войти через VK"" имеет правильный текст и стиль @major","Mobile Chrome","2026-10-01","passed","2026-10-01","VK авторизация","15-vk-auth.spec.ts","",""
"","756","ТК-32 | Admin-эндпоинты без токена возвращают 401 @major","Desktop Chrome","2026-10-01","passed","2026-10-01","SEC-IDOR | Авторизация и IDOR","13-security-pentest.spec.ts","",""
"","5438","CJM-07-01 | Пустая корзина не позволяет перейти к оформлению @major","Desktop Chrome","2026-10-01","passed","2026-10-01","CJM-07 | Edge cases и граничные сценарии","14-order-cjm.spec.ts","",""
"","6406","CJM-04-10 | Итоговая сумма к оплате отображается @major","Desktop Chrome","2026-10-01","passed","2026-10-01","CJM-04 | Форма заказа","14-order-cjm.spec.ts","",""
"","5749","TC-SMS-02 | Клик на ""Войти по SMS"" показывает форму с полем телефона @major","Desktop Chrome","2026-10-01","passed","2026-10-01","SMS/OTP авторизация","18-sms-auth.spec.ts","",""
"","2224","TC-PAGE-12 | Страница возвратов загружается @minor","Desktop Chrome","2026-10-01","passed","2026-10-01","Статические страницы","08-pages.spec.ts","",""
"","1508","TC-PAGE-14 | 404-страница содержит ссылку на главную @minor","Mobile Chrome","2026-10-01","passed","2026-10-01","Статические страницы","08-pages.spec.ts","",""
"","1748","TC-RAT-02 | Рейтинг отображается иконками (puck/звёзды) @minor","Desktop Chrome","2026-10-01","passed","2026-10-01","Schema.org разметка и рейтинг","17-schema-and-rating.spec.ts","",""
"","272","TC-API-05 | GET /products?search=торпедо возвращает 200 @major","Mobile Chrome","2026-10-01","passed","2026-10-01","API-эндпоинты (smoke)","09-api.spec.ts","",""
"","4634","TC-SCH-06 | Organization schema содержит name и url @minor","Desktop Chrome","2026-10-01","passed","2026-10-01","Schema.org разметка и рейтинг","17-schema-and-rating.spec.ts","",""
"","3191","TC-PROD-06 | Кнопка «Избранное» (сердечко) присутствует @major","Desktop Chrome","2026-10-01","passed","2026-10-01","Страница товара","03-product.spec.ts","",""
"","8844","TC-ADDR-10 | Страница не падает с ""Что-то пошло не так"" @major","Desktop Chrome","2026-10-01","passed","2026-10-01","Адреса доставки","16-addresses.spec.ts","",""
"","2253","TC-ADDR-02 | Страница /account/addresses загружается без ошибок @major","Mobile Chrome","2026-10-01","passed","2026-10-01","Адреса доставки","16-addresses.spec.ts","",""
"","2389","TC-PROD-01 | Страница товара загружается @major","Mobile Chrome","2026-10-01","passed","2026-10-01","Страница товара","03-product.spec.ts","",""
"","2887","CJM-01-04 | Страница товара показывает название и цену @major","Desktop Chrome","2026-10-01","passed","2026-10-01","CJM-01 | Обнаружение товара","14-order-cjm.spec.ts","",""
"","3813","TC-ACC-17 | Страница абонементов загружается @major","Desktop Chrome","2026-10-01","passed","2026-10-01","Личный кабинет","06-account.spec.ts","",""
"","9884","TC-RAT-06 | После оценки товара не появляется ""Что-то пошло не так"" @minor","Desktop Chrome","2026-10-01","passed","2026-10-01","Schema.org разметка и рейтинг","17-schema-and-rating.spec.ts","",""
"","3497","TC-SCH-02 | Schema.org тип Product корректен @minor","Mobile Chrome","2026-10-01","passed","2026-10-01","Schema.org разметка и рейтинг","17-schema-and-rating.spec.ts","",""
"","251","TC-API-07 | GET /products?badge=sale возвращает 200 @major","Mobile Chrome","2026-10-01","passed","2026-10-01","API-эндпоинты (smoke)","09-api.spec.ts","",""
"","3112","TC-RAT-03 | Среднее значение рейтинга числовое (если отображается) @minor","Mobile Chrome","2026-10-01","passed","2026-10-01","Schema.org разметка и рейтинг","17-schema-and-rating.spec.ts","",""
"","3076","TC-CAT-12 | Фильтр по badge=new работает через URL @major","Desktop Chrome","2026-10-01","passed","2026-10-01","Каталог товаров","02-catalog.spec.ts","",""
"","1823","TC-AUTH-07 | После 5 неверных попыток входа показывается блокировка @critical","Desktop Chrome","2026-10-01","passed","2026-10-01","Авторизация и регистрация","05-auth.spec.ts","",""
"","382","TC-PAY-01 | GET /payment/{order}/status без авторизации возвращает 401 @critical","Desktop Chrome","2026-10-01","passed","2026-10-01","Платёжный flow — защита без авторизации","11-payment-flow.spec.ts","",""
"","19099","TC-PROD-05 | Кнопка «В корзину» или «Добавить в корзину» присутствует @major","Desktop Chrome","2026-10-01","failed","2026-10-01","Страница товара","03-product.spec.ts","",""
"","289","TC-1C-22 | POST file: загрузка offers XML возвращает success @major","Desktop Chrome","2026-10-01","passed","2026-10-01","1C CommerceML — Загрузка файлов (catalog)","12-1c-integration.spec.ts","",""
"","5446","TC-HOME-09 | Клик по кнопке слайдера меняет слайд @critical","Desktop Chrome","2026-10-01","passed","2026-10-01","Главная страница","01-home.spec.ts","",""
"","6471","CJM-04-13 | Бонусный чекбокс присутствует (если есть бонусы) @major","Desktop Chrome","2026-10-01","passed","2026-10-01","CJM-04 | Форма заказа","14-order-cjm.spec.ts","",""
"","2967","CJM-04-13 | Бонусный чекбокс присутствует (если есть бонусы) @major","Mobile Chrome","2026-10-01","passed","2026-10-01","CJM-04 | Форма заказа","14-order-cjm.spec.ts","",""
"","5367","TC-COK-07 | Клик ""Отказаться"" также скрывает баннер @major","Mobile Chrome","2026-10-01","passed","2026-10-01","Cookie Consent баннер","19-cookie.spec.ts","",""
"","4959","TC-ACC-07 | Поле выбора города работает @major","Mobile Chrome","2026-10-01","passed","2026-10-01","Личный кабинет","06-account.spec.ts","",""
"","4801","TC-ADDR-09 | Кнопка ""Удалить"" удаляет адрес из списка @major","Mobile Chrome","2026-10-01","passed","2026-10-01","Адреса доставки","16-addresses.spec.ts","",""
"","2160","TC-PAGE-13 | Несуществующий маршрут показывает 404-страницу @minor","Desktop Chrome","2026-10-01","passed","2026-10-01","Статические страницы","08-pages.spec.ts","",""
"","3125","TC-CHK-06 | Выбор СДЭК-курьер показывает поле адреса @critical","Mobile Chrome","2026-10-01","passed","2026-10-01","Оформление заказа","07-checkout.spec.ts","",""
"","2074","TC-CAT-14 | Фильтр по цене — параметры price_min/price_max сохраняются в URL @major","Desktop Chrome","2026-10-01","passed","2026-10-01","Каталог товаров","02-catalog.spec.ts","",""
"","348","ТК-66 | Source maps не доступны на production @major","Desktop Chrome","2026-10-01","passed","2026-10-01","SEC-RECON | Разведка и поверхность атаки","13-security-pentest.spec.ts","",""
"","242","TC-API-06 | GET /products?badge=new возвращает 200 @major","Mobile Chrome","2026-10-01","passed","2026-10-01","API-эндпоинты (smoke)","09-api.spec.ts","",""
"","7189","TC-SMS-12 | Форма SMS корректно отображается на мобильном viewport @major","Mobile Chrome","2026-10-01","passed","2026-10-01","SMS/OTP авторизация","18-sms-auth.spec.ts","",""
"","7484","TC-SMS-08 | Кнопка ""Изменить номер"" возвращает к полю телефона @major","Mobile Chrome","2026-10-01","passed","2026-10-01","SMS/OTP авторизация","18-sms-auth.spec.ts","",""
"","6278","CJM-06-02 | Список заказов содержит дату и сумму @major","Desktop Chrome","2026-10-01","passed","2026-10-01","CJM-06 | Статус и история заказов","14-order-cjm.spec.ts","",""
"","1940","TC-API-22 | GET /products?search=<script> не выполняет XSS @major","Desktop Chrome","2026-10-01","passed","2026-10-01","API-эндпоинты (smoke)","09-api.spec.ts","",""
"","5143","TC-ADDR-01 | Пункт ""Адреса доставки"" есть в меню личного кабинета @major","Desktop Chrome","2026-10-01","passed","2026-10-01","Адреса доставки","16-addresses.spec.ts","",""
"","9560","TC-COK-06 | После принятия — при перезагрузке баннер не показывается @major","Desktop Chrome","2026-10-01","passed","2026-10-01","Cookie Consent баннер","19-cookie.spec.ts","",""
"","228","ТК-61 | _method=DELETE override не работает для защищённых ресурсов @major","Desktop Chrome","2026-10-01","passed","2026-10-01","SEC-CSRF | CSRF защита","13-security-pentest.spec.ts","",""
"","1902","TC-RESP-30 | Навигация «Назад» работает корректно @minor","Mobile Chrome","2026-10-01","passed","2026-10-01","Адаптивность и производительность","10-responsive.spec.ts","",""
"","2964","TC-ACC-02 | Боковая навигация кабинета отображается @major","Desktop Chrome","2026-10-01","passed","2026-10-01","Личный кабинет","06-account.spec.ts","",""
"","3232","TC-CAT-12 | Фильтр по badge=new работает через URL @major","Mobile Chrome","2026-10-01","passed","2026-10-01","Каталог товаров","02-catalog.spec.ts","",""
"","4543","TC-CHK-09 | Невалидный промокод показывает ошибку @critical","Desktop Chrome","2026-10-01","passed","2026-10-01","Оформление заказа","07-checkout.spec.ts","",""
"","245","TC-1C-07 | Неизвестный mode возвращает failure @major","Desktop Chrome","2026-10-01","passed","2026-10-01","1C CommerceML — Аутентификация","12-1c-integration.spec.ts","",""
"","969","TC-PAY-06b | Перебор order ID недоступен без авторизации @critical","Desktop Chrome","2026-10-01","passed","2026-10-01","Платёжный flow — защита без авторизации","11-payment-flow.spec.ts","",""
"","239","TC-API-09 | GET /categories возвращает 200 и массив @major","Mobile Chrome","2026-10-01","passed","2026-10-01","API-эндпоинты (smoke)","09-api.spec.ts","",""
"","291","ТК-13 | Версия nginx/PHP скрыта в ответах backend @major","Desktop Chrome","2026-10-01","passed","2026-10-01","SEC-RECON | Разведка и поверхность атаки","13-security-pentest.spec.ts","",""
"","7596","TC-SMS-05 | Ввод телефона и клик ""Получить код"" → вызывается POST /api/v1/shop/auth/send-otp @major","Mobile Chrome","2026-10-01","passed","2026-10-01","SMS/OTP авторизация","18-sms-auth.spec.ts","",""
"","2134","TC-CAT-02 | Отображается счётчик товаров «Показано X из Y» @major","Mobile Chrome","2026-10-01","passed","2026-10-01","Каталог товаров","02-catalog.spec.ts","",""
"","3745","TC-ADDR-05 | Форма содержит поля: тип доставки, индекс, улица, дом, квартира @major","Mobile Chrome","2026-10-01","passed","2026-10-01","Адреса доставки","16-addresses.spec.ts","",""
"","259","ТК-35 | CORS: произвольный домен не получает данные API @major","Desktop Chrome","2026-10-01","passed","2026-10-01","SEC-IDOR | Авторизация и IDOR","13-security-pentest.spec.ts","",""
"","7938","CJM-03-05 | Итоговая сумма в корзине отображается @major","Mobile Chrome","2026-10-01","passed","2026-10-01","CJM-03 | Управление корзиной","14-order-cjm.spec.ts","",""
"","263","TC-1C-53 | success (type=sale) возвращает success @major","Desktop Chrome","2026-10-01","passed","2026-10-01","1C CommerceML — Обмен заказами (sale)","12-1c-integration.spec.ts","",""
"","2507","TC-AUTH-01 | Auth-модал открывается @critical","Desktop Chrome","2026-10-01","passed","2026-10-01","Авторизация и регистрация","05-auth.spec.ts","",""
"","21608","TC-CHK-08 | Способы оплаты отображаются @critical","Desktop Chrome","2026-10-01","failed","2026-10-01","Оформление заказа","07-checkout.spec.ts","",""
"","6989","CJM-04-05 | Email-поле присутствует или предзаполнено @major","Desktop Chrome","2026-10-01","passed","2026-10-01","CJM-04 | Форма заказа","14-order-cjm.spec.ts","",""
"","2074","TC-AUTH-06 | Email некорректного формата показывает ошибку валидации @critical","Desktop Chrome","2026-10-01","passed","2026-10-01","Авторизация и регистрация","05-auth.spec.ts","",""
"","4636","TC-CHK-02 | Поля имени, email, телефона присутствуют @critical","Mobile Chrome","2026-10-01","passed","2026-10-01","Оформление заказа","07-checkout.spec.ts","",""
"","3953","TC-PAGE-03 | На странице контактов нет запроса геолокации (авто-гео убрана) @minor","Mobile Chrome","2026-10-01","passed","2026-10-01","Статические страницы","08-pages.spec.ts","",""
